time,o,h,l,c,volume,complete
2025-04-06 21:00:00,1.0896,1.08986,1.0896,1.0898,3,True
2025-04-06 21:05:00,1.08973,1.09003,1.08862,1.08871,133,True
2025-04-06 21:10:00,1.08871,1.08921,1.08842,1.08843,157,True
2025-04-06 21:15:00,1.08843,1.08938,1.08843,1.08938,160,True
2025-04-06 21:20:00,1.08939,1.08949,1.08879,1.08889,182,True
2025-04-06 21:25:00,1.08883,1.08949,1.08873,1.08928,195,True
2025-04-06 21:30:00,1.08936,1.08949,1.08922,1.08949,114,True
2025-04-06 21:35:00,1.08949,1.09116,1.08949,1.09036,119,True
2025-04-06 21:40:00,1.09037,1.09192,1.09036,1.09144,238,True
2025-04-06 21:45:00,1.09162,1.09218,1.09144,1.09207,180,True
2025-04-06 21:50:00,1.0921,1.09274,1.09201,1.09208,115,True
2025-04-06 21:55:00,1.09228,1.09254,1.092,1.092,44,True
2025-04-06 22:00:00,1.092,1.09288,1.09198,1.09263,1005,True
2025-04-06 22:05:00,1.09259,1.09469,1.09242,1.09465,1022,True
2025-04-06 22:10:00,1.09461,1.09555,1.09421,1.09547,883,True
2025-04-06 22:15:00,1.09548,1.09752,1.09523,1.0975,1509,True
2025-04-06 22:20:00,1.09745,1.09956,1.09731,1.0985,1842,True
2025-04-06 22:25:00,1.0985,1.09908,1.0976,1.09844,2106,True
2025-04-06 22:30:00,1.09845,1.09903,1.09742,1.09835,1860,True
2025-04-06 22:35:00,1.09838,1.09908,1.09745,1.09828,1803,True
2025-04-06 22:40:00,1.09827,1.09845,1.0977,1.09813,893,True
2025-04-06 22:45:00,1.09812,1.09854,1.09778,1.09796,1000,True
2025-04-06 22:50:00,1.09795,1.09846,1.09747,1.09812,1240,True
2025-04-06 22:55:00,1.09809,1.09844,1.09773,1.09832,841,True
2025-04-06 23:00:00,1.09836,1.09934,1.09818,1.09885,2207,True
2025-04-06 23:05:00,1.09881,1.09958,1.09843,1.09911,2212,True
2025-04-06 23:10:00,1.09911,1.10009,1.09903,1.0999,1912,True
2025-04-06 23:15:00,1.09992,1.10011,1.09901,1.09916,1359,True
2025-04-06 23:20:00,1.09918,1.10009,1.09913,1.10006,1797,True
2025-04-06 23:25:00,1.10007,1.10024,1.09872,1.09882,2594,True
2025-04-06 23:30:00,1.09881,1.09937,1.09855,1.09857,1856,True
2025-04-06 23:35:00,1.09855,1.09923,1.09839,1.09876,1501,True
2025-04-06 23:40:00,1.09875,1.09992,1.09874,1.09992,1520,True
2025-04-06 23:45:00,1.0999,1.0999,1.09925,1.09951,1694,True
2025-04-06 23:50:00,1.09953,1.10015,1.09918,1.09919,2281,True
2025-04-06 23:55:00,1.09921,1.09938,1.09831,1.09841,2059,True
2025-04-07 00:00:00,1.09843,1.09846,1.09633,1.09659,4033,True
2025-04-07 00:05:00,1.0966,1.09714,1.09601,1.09639,2660,True
2025-04-07 00:10:00,1.09638,1.09645,1.09497,1.09522,2088,True
2025-04-07 00:15:00,1.09522,1.09579,1.0946,1.09493,1770,True
2025-04-07 00:20:00,1.09494,1.09613,1.09487,1.09593,1774,True
2025-04-07 00:25:00,1.09592,1.09632,1.09558,1.09568,1569,True
2025-04-07 00:30:00,1.09566,1.09637,1.09556,1.09596,1672,True
2025-04-07 00:35:00,1.09595,1.09658,1.09567,1.09632,1525,True
2025-04-07 00:40:00,1.09632,1.09647,1.09524,1.09538,2022,True
2025-04-07 00:45:00,1.09538,1.0959,1.09524,1.0953,1992,True
2025-04-07 00:50:00,1.0953,1.09668,1.09519,1.09667,1736,True
2025-04-07 00:55:00,1.09668,1.09686,1.09597,1.09681,1571,True
2025-04-07 01:00:00,1.09681,1.09712,1.09607,1.09611,2090,True
2025-04-07 01:05:00,1.09612,1.09684,1.09595,1.09637,2185,True
2025-04-07 01:10:00,1.09637,1.09664,1.09611,1.09662,1763,True
2025-04-07 01:15:00,1.09661,1.09661,1.09553,1.09633,1882,True
2025-04-07 01:20:00,1.09636,1.09679,1.09599,1.09662,2206,True
2025-04-07 01:25:00,1.09663,1.09744,1.09657,1.09698,2058,True
2025-04-07 01:30:00,1.09695,1.09704,1.09574,1.09627,2020,True
2025-04-07 01:35:00,1.09627,1.09642,1.09564,1.09617,2160,True
2025-04-07 01:40:00,1.09617,1.09763,1.09614,1.09747,1847,True
2025-04-07 01:45:00,1.09748,1.09807,1.09692,1.09775,1914,True
2025-04-07 01:50:00,1.09776,1.09811,1.09758,1.09782,1395,True
2025-04-07 01:55:00,1.09781,1.09781,1.09667,1.09688,1578,True
2025-04-07 02:00:00,1.09688,1.09688,1.09605,1.0962,1241,True
2025-04-07 02:05:00,1.09618,1.09651,1.09576,1.09609,1194,True
2025-04-07 02:10:00,1.09608,1.0961,1.0953,1.09558,1305,True
2025-04-07 02:15:00,1.09559,1.09581,1.09525,1.0953,1125,True
2025-04-07 02:20:00,1.09526,1.09542,1.09477,1.09501,1373,True
2025-04-07 02:25:00,1.09501,1.09503,1.09364,1.09374,1315,True
2025-04-07 02:30:00,1.09371,1.09385,1.09267,1.09268,1515,True
2025-04-07 02:35:00,1.09268,1.09353,1.09268,1.09319,1358,True
2025-04-07 02:40:00,1.09318,1.0932,1.0922,1.09257,937,True
2025-04-07 02:45:00,1.09256,1.09309,1.09208,1.09303,986,True
2025-04-07 02:50:00,1.09303,1.09331,1.09272,1.09323,1077,True
2025-04-07 02:55:00,1.09324,1.09379,1.09286,1.0936,1159,True
2025-04-07 03:00:00,1.0936,1.09389,1.09306,1.09368,1303,True
2025-04-07 03:05:00,1.09371,1.09403,1.09355,1.09371,900,True
2025-04-07 03:10:00,1.09371,1.09392,1.09338,1.09351,774,True
2025-04-07 03:15:00,1.09352,1.09406,1.09349,1.09368,843,True
2025-04-07 03:20:00,1.09368,1.09409,1.09368,1.09391,530,True
2025-04-07 03:25:00,1.0939,1.09436,1.09371,1.09382,589,True
2025-04-07 03:30:00,1.09381,1.09458,1.09381,1.09449,824,True
2025-04-07 03:35:00,1.09448,1.09467,1.09418,1.09456,621,True
2025-04-07 03:40:00,1.09457,1.0947,1.09434,1.09466,544,True
2025-04-07 03:45:00,1.09466,1.09526,1.09466,1.0951,578,True
2025-04-07 03:50:00,1.0951,1.09555,1.09506,1.09538,499,True
2025-04-07 03:55:00,1.09536,1.09536,1.09506,1.0951,470,True
2025-04-07 04:00:00,1.0951,1.0954,1.09505,1.09519,621,True
2025-04-07 04:05:00,1.09519,1.09545,1.09489,1.09544,665,True
2025-04-07 04:10:00,1.09545,1.09626,1.09543,1.09621,692,True
2025-04-07 04:15:00,1.09621,1.09688,1.09608,1.09664,901,True
2025-04-07 04:20:00,1.09663,1.09744,1.09657,1.09742,829,True
2025-04-07 04:25:00,1.09741,1.09765,1.09723,1.0975,730,True
2025-04-07 04:30:00,1.09751,1.09776,1.09713,1.09741,692,True
2025-04-07 04:35:00,1.09742,1.09839,1.09732,1.09821,960,True
2025-04-07 04:40:00,1.0982,1.09846,1.09775,1.09841,906,True
2025-04-07 04:45:00,1.09839,1.09846,1.09817,1.09843,460,True
2025-04-07 04:50:00,1.09843,1.0988,1.09818,1.09872,865,True
2025-04-07 04:55:00,1.09871,1.09885,1.09834,1.09859,690,True
2025-04-07 05:00:00,1.0986,1.09892,1.09828,1.09834,1063,True
2025-04-07 05:05:00,1.09833,1.0989,1.09821,1.09833,1308,True
2025-04-07 05:10:00,1.09832,1.09853,1.09787,1.09834,1254,True
2025-04-07 05:15:00,1.09836,1.09971,1.09828,1.09944,2241,True
2025-04-07 05:20:00,1.09943,1.09949,1.0987,1.09923,2134,True
2025-04-07 05:25:00,1.09924,1.09983,1.09917,1.0995,1423,True
2025-04-07 05:30:00,1.0995,1.09996,1.09948,1.09991,1482,True
2025-04-07 05:35:00,1.0999,1.10018,1.09956,1.09974,1333,True
2025-04-07 05:40:00,1.09974,1.09995,1.09899,1.09912,1275,True
2025-04-07 05:45:00,1.09912,1.09999,1.09908,1.09957,1233,True
2025-04-07 05:50:00,1.09955,1.1009,1.0995,1.10026,1176,True
2025-04-07 05:55:00,1.10029,1.10218,1.10022,1.10194,1755,True
2025-04-07 06:00:00,1.1019,1.10227,1.10145,1.10147,2731,True
2025-04-07 06:05:00,1.10147,1.10158,1.10053,1.10073,2083,True
2025-04-07 06:10:00,1.10075,1.10152,1.10069,1.10092,1898,True
2025-04-07 06:15:00,1.10095,1.10206,1.10072,1.10103,2319,True
2025-04-07 06:20:00,1.10101,1.10168,1.10093,1.10145,2029,True
2025-04-07 06:25:00,1.10145,1.10168,1.10014,1.10022,2297,True
2025-04-07 06:30:00,1.10021,1.10031,1.1,1.1001,1473,True
2025-04-07 06:35:00,1.1001,1.10095,1.09964,1.10092,2003,True
2025-04-07 06:40:00,1.10091,1.10103,1.10022,1.10092,2594,True
2025-04-07 06:45:00,1.10089,1.1024,1.10065,1.10197,2840,True
2025-04-07 06:50:00,1.10198,1.10202,1.09996,1.10017,3094,True
2025-04-07 06:55:00,1.10013,1.10075,1.09947,1.10037,2734,True
2025-04-07 07:00:00,1.10035,1.10207,1.10012,1.10186,4064,True
2025-04-07 07:05:00,1.10183,1.10292,1.10156,1.10278,3768,True
2025-04-07 07:10:00,1.10277,1.10509,1.10248,1.10404,3546,True
2025-04-07 07:15:00,1.10402,1.10415,1.10273,1.10284,2580,True
2025-04-07 07:20:00,1.10282,1.10351,1.10266,1.10325,2701,True
2025-04-07 07:25:00,1.10324,1.10369,1.10255,1.10288,2940,True
2025-04-07 07:30:00,1.1029,1.10292,1.1017,1.10183,3005,True
2025-04-07 07:35:00,1.10182,1.10281,1.10131,1.10278,2755,True
2025-04-07 07:40:00,1.10278,1.10284,1.10177,1.10239,2363,True
2025-04-07 07:45:00,1.10239,1.1024,1.10087,1.10108,2955,True
2025-04-07 07:50:00,1.10108,1.10115,1.1003,1.10044,2240,True
2025-04-07 07:55:00,1.10047,1.10063,1.09987,1.10015,2269,True
2025-04-07 08:00:00,1.10021,1.10228,1.10021,1.1015,2619,True
2025-04-07 08:05:00,1.10149,1.10215,1.10117,1.1017,2650,True
2025-04-07 08:10:00,1.10168,1.10215,1.10058,1.10061,2547,True
2025-04-07 08:15:00,1.10065,1.10111,1.09882,1.09904,2548,True
2025-04-07 08:20:00,1.09904,1.09941,1.09807,1.09836,2628,True
2025-04-07 08:25:00,1.09836,1.0992,1.09713,1.09714,2476,True
2025-04-07 08:30:00,1.09714,1.09827,1.09697,1.09761,3017,True
2025-04-07 08:35:00,1.09762,1.09802,1.09689,1.09802,2703,True
2025-04-07 08:40:00,1.09802,1.09903,1.09797,1.09876,1980,True
2025-04-07 08:45:00,1.09876,1.10035,1.09872,1.10006,2197,True
2025-04-07 08:50:00,1.10005,1.10095,1.09985,1.1009,1886,True
2025-04-07 08:55:00,1.10089,1.10091,1.09923,1.09928,1318,True
2025-04-07 09:00:00,1.09928,1.09962,1.09815,1.09959,2003,True
2025-04-07 09:05:00,1.09958,1.09973,1.09839,1.09878,1825,True
2025-04-07 09:10:00,1.09878,1.09881,1.09728,1.09737,1808,True
2025-04-07 09:15:00,1.09738,1.09788,1.09728,1.09748,1691,True
2025-04-07 09:20:00,1.09751,1.09796,1.09686,1.09695,1932,True
2025-04-07 09:25:00,1.09695,1.09703,1.09587,1.09605,2476,True
2025-04-07 09:30:00,1.09604,1.09669,1.09554,1.09614,2212,True
2025-04-07 09:35:00,1.09615,1.09693,1.09599,1.09642,1886,True
2025-04-07 09:40:00,1.09642,1.09653,1.09508,1.09555,2099,True
2025-04-07 09:45:00,1.09556,1.09585,1.09508,1.09525,1917,True
2025-04-07 09:50:00,1.09525,1.09668,1.0951,1.09637,1968,True
2025-04-07 09:55:00,1.09639,1.09653,1.09553,1.09637,1885,True
2025-04-07 10:00:00,1.09637,1.09743,1.09635,1.09699,2558,True
2025-04-07 10:05:00,1.09695,1.09727,1.09652,1.09705,1950,True
2025-04-07 10:10:00,1.09704,1.09724,1.0964,1.09693,1855,True
2025-04-07 10:15:00,1.09693,1.09817,1.09684,1.09811,2011,True
2025-04-07 10:20:00,1.09808,1.09858,1.09771,1.09821,2024,True
2025-04-07 10:25:00,1.09821,1.09863,1.09774,1.0986,2090,True
2025-04-07 10:30:00,1.0986,1.09916,1.09826,1.09885,1833,True
2025-04-07 10:35:00,1.09884,1.09908,1.09812,1.0982,2063,True
2025-04-07 10:40:00,1.09821,1.09848,1.09721,1.09728,2170,True
2025-04-07 10:45:00,1.09727,1.09731,1.09684,1.0971,1912,True
2025-04-07 10:50:00,1.09709,1.09718,1.09637,1.09654,1924,True
2025-04-07 10:55:00,1.09654,1.09659,1.09586,1.09595,1791,True
2025-04-07 11:00:00,1.09597,1.09661,1.09563,1.09612,2326,True
2025-04-07 11:05:00,1.09613,1.09663,1.09595,1.09622,1961,True
2025-04-07 11:10:00,1.09621,1.09627,1.09506,1.09521,2124,True
2025-04-07 11:15:00,1.09521,1.09565,1.09506,1.09531,1658,True
2025-04-07 11:20:00,1.09533,1.09558,1.09358,1.09445,2439,True
2025-04-07 11:25:00,1.09445,1.09468,1.09399,1.09449,2256,True
2025-04-07 11:30:00,1.09448,1.0954,1.0944,1.0946,2157,True
2025-04-07 11:35:00,1.09461,1.095,1.09384,1.09439,2396,True
2025-04-07 11:40:00,1.0944,1.09501,1.09414,1.09469,2370,True
2025-04-07 11:45:00,1.09468,1.09527,1.09452,1.09516,2082,True
2025-04-07 11:50:00,1.09516,1.09673,1.09506,1.09651,2137,True
2025-04-07 11:55:00,1.09655,1.09705,1.09647,1.09705,2333,True
2025-04-07 12:00:00,1.09705,1.09705,1.09633,1.09669,2777,True
2025-04-07 12:05:00,1.0967,1.09689,1.09613,1.09675,2260,True
2025-04-07 12:10:00,1.09675,1.09677,1.09528,1.09545,2181,True
2025-04-07 12:15:00,1.09546,1.09596,1.09528,1.09563,2131,True
2025-04-07 12:20:00,1.09561,1.09599,1.09534,1.09552,2076,True
2025-04-07 12:25:00,1.09554,1.09558,1.09401,1.09443,3023,True
2025-04-07 12:30:00,1.09442,1.09576,1.09435,1.09568,3045,True
2025-04-07 12:35:00,1.09566,1.0969,1.09555,1.09677,2109,True
2025-04-07 12:40:00,1.09677,1.09795,1.0964,1.09729,2569,True
2025-04-07 12:45:00,1.09726,1.0988,1.09719,1.0986,3521,True
2025-04-07 12:50:00,1.0986,1.09923,1.09802,1.09824,3892,True
2025-04-07 12:55:00,1.09824,1.0984,1.09726,1.09746,2333,True
2025-04-07 13:00:00,1.09746,1.09774,1.09683,1.0971,2816,True
2025-04-07 13:05:00,1.0971,1.0976,1.09661,1.09706,2166,True
2025-04-07 13:10:00,1.09707,1.09743,1.09665,1.09721,2145,True
2025-04-07 13:15:00,1.0972,1.0978,1.0969,1.09726,2139,True
2025-04-07 13:20:00,1.09727,1.09737,1.09574,1.09589,2039,True
2025-04-07 13:25:00,1.09589,1.09706,1.09584,1.09676,1945,True
2025-04-07 13:30:00,1.09676,1.09724,1.096,1.09641,2982,True
2025-04-07 13:35:00,1.0964,1.09706,1.09586,1.09635,2296,True
2025-04-07 13:40:00,1.09635,1.09705,1.09527,1.09547,2457,True
2025-04-07 13:45:00,1.09548,1.09554,1.09394,1.09405,3111,True
2025-04-07 13:50:00,1.09406,1.09483,1.09391,1.09474,3013,True
2025-04-07 13:55:00,1.09476,1.09489,1.0938,1.09422,2555,True
2025-04-07 14:00:00,1.09423,1.09498,1.09394,1.09474,2923,True
2025-04-07 14:05:00,1.09472,1.09478,1.09362,1.09368,2850,True
2025-04-07 14:10:00,1.09367,1.09841,1.09367,1.09655,7990,True
2025-04-07 14:15:00,1.09661,1.09714,1.09485,1.09518,5016,True
2025-04-07 14:20:00,1.09526,1.09704,1.09488,1.09488,4422,True
2025-04-07 14:25:00,1.09487,1.09532,1.09374,1.09491,2380,True
2025-04-07 14:30:00,1.09471,1.09541,1.09415,1.0951,2257,True
2025-04-07 14:35:00,1.09509,1.0958,1.09353,1.09375,3086,True
2025-04-07 14:40:00,1.09375,1.09442,1.0935,1.09363,3319,True
2025-04-07 14:45:00,1.09362,1.09428,1.09239,1.0924,3684,True
2025-04-07 14:50:00,1.09237,1.0937,1.09185,1.09243,4094,True
2025-04-07 14:55:00,1.09244,1.09298,1.09177,1.09226,4563,True
2025-04-07 15:00:00,1.09226,1.09249,1.09069,1.09171,4674,True
2025-04-07 15:05:00,1.09171,1.09241,1.09104,1.0912,3173,True
2025-04-07 15:10:00,1.09118,1.09287,1.09083,1.09222,3473,True
2025-04-07 15:15:00,1.09221,1.09274,1.09144,1.09201,5324,True
2025-04-07 15:20:00,1.09198,1.09318,1.09175,1.09264,3586,True
2025-04-07 15:25:00,1.09267,1.09373,1.092,1.09202,3683,True
2025-04-07 15:30:00,1.09203,1.09207,1.09014,1.09049,4181,True
2025-04-07 15:35:00,1.09052,1.09099,1.09026,1.09054,2142,True
2025-04-07 15:40:00,1.09054,1.09164,1.09024,1.09156,572,True
2025-04-07 15:45:00,1.0916,1.09196,1.09096,1.09176,582,True
2025-04-07 15:50:00,1.09175,1.09207,1.09094,1.09179,527,True
2025-04-07 15:55:00,1.09179,1.09243,1.09116,1.09124,950,True
2025-04-07 16:00:00,1.09124,1.09166,1.09109,1.09123,1849,True
2025-04-07 16:05:00,1.09112,1.09153,1.09049,1.091,667,True
2025-04-07 16:10:00,1.091,1.09133,1.09075,1.09133,1904,True
2025-04-07 16:15:00,1.09133,1.09212,1.09131,1.09161,1204,True
2025-04-07 16:20:00,1.09161,1.09232,1.09149,1.0921,719,True
2025-04-07 16:25:00,1.09208,1.09289,1.09191,1.09241,745,True
2025-04-07 16:30:00,1.0924,1.09261,1.09186,1.09189,1098,True
2025-04-07 16:35:00,1.09201,1.0926,1.09201,1.09213,372,True
2025-04-07 16:40:00,1.09214,1.09237,1.09097,1.09102,415,True
2025-04-07 16:45:00,1.09101,1.09172,1.09074,1.09162,1257,True
2025-04-07 16:50:00,1.09163,1.09237,1.0914,1.09237,1596,True
2025-04-07 16:55:00,1.09239,1.09337,1.09227,1.09332,1481,True
2025-04-07 17:00:00,1.09333,1.09403,1.09303,1.09359,3053,True
2025-04-07 17:05:00,1.09359,1.09388,1.09323,1.09341,1483,True
2025-04-07 17:10:00,1.09341,1.09378,1.09334,1.09376,1542,True
2025-04-07 17:15:00,1.09376,1.09441,1.0936,1.0941,1786,True
2025-04-07 17:20:00,1.0941,1.09478,1.09401,1.09471,1397,True
2025-04-07 17:25:00,1.09471,1.09501,1.09431,1.09441,1162,True
2025-04-07 17:30:00,1.09439,1.09444,1.09391,1.09413,1246,True
2025-04-07 17:35:00,1.09411,1.09481,1.09409,1.09457,1032,True
2025-04-07 17:40:00,1.09457,1.09462,1.09376,1.09411,1274,True
2025-04-07 17:45:00,1.09412,1.09495,1.09408,1.09443,2004,True
2025-04-07 17:50:00,1.09442,1.0946,1.09376,1.09422,1521,True
2025-04-07 17:55:00,1.09422,1.0951,1.09396,1.09398,1627,True
2025-04-07 18:00:00,1.09396,1.09449,1.09361,1.0943,1538,True
2025-04-07 18:05:00,1.0943,1.09536,1.09419,1.09441,1257,True
2025-04-07 18:10:00,1.09441,1.09462,1.09345,1.09347,1366,True
2025-04-07 18:15:00,1.09346,1.09362,1.09282,1.09282,1154,True
2025-04-07 18:20:00,1.09283,1.0932,1.09256,1.09283,1123,True
2025-04-07 18:25:00,1.09283,1.09298,1.09245,1.09285,1099,True
2025-04-07 18:30:00,1.09284,1.09383,1.09284,1.09362,858,True
2025-04-07 18:35:00,1.09361,1.09415,1.09361,1.09399,1033,True
2025-04-07 18:40:00,1.09402,1.09428,1.09333,1.0934,1193,True
2025-04-07 18:45:00,1.0934,1.0934,1.09271,1.09278,1030,True
2025-04-07 18:50:00,1.09276,1.09341,1.09263,1.09313,1086,True
2025-04-07 18:55:00,1.09312,1.09373,1.09261,1.09345,1554,True
2025-04-07 19:00:00,1.09345,1.09345,1.09248,1.09297,1457,True
2025-04-07 19:05:00,1.09298,1.09353,1.09274,1.0928,1102,True
2025-04-07 19:10:00,1.09281,1.09336,1.09268,1.09274,1153,True
2025-04-07 19:15:00,1.09272,1.09338,1.09235,1.09337,1410,True
2025-04-07 19:20:00,1.09338,1.09407,1.09337,1.09406,984,True
2025-04-07 19:25:00,1.09407,1.09418,1.09334,1.09352,1043,True
2025-04-07 19:30:00,1.09349,1.09417,1.09338,1.09362,968,True
2025-04-07 19:35:00,1.09362,1.09456,1.09313,1.09427,1421,True
2025-04-07 19:40:00,1.09429,1.09491,1.0934,1.09441,1158,True
2025-04-07 19:45:00,1.0944,1.09457,1.09373,1.09389,1219,True
2025-04-07 19:50:00,1.09386,1.09396,1.09282,1.09282,867,True
2025-04-07 19:55:00,1.0928,1.0928,1.09145,1.09168,1363,True
2025-04-07 20:00:00,1.0917,1.09206,1.0912,1.09167,1081,True
2025-04-07 20:05:00,1.09167,1.092,1.09167,1.09188,446,True
2025-04-07 20:10:00,1.0919,1.092,1.09137,1.0914,380,True
2025-04-07 20:15:00,1.09141,1.09153,1.09089,1.09108,521,True
2025-04-07 20:20:00,1.09106,1.09134,1.09076,1.09132,611,True
2025-04-07 20:25:00,1.09131,1.09148,1.0908,1.0909,479,True
2025-04-07 20:30:00,1.09092,1.09101,1.09053,1.09077,1092,True
2025-04-07 20:35:00,1.09078,1.09082,1.09028,1.09035,308,True
2025-04-07 20:40:00,1.09035,1.09073,1.09026,1.09064,335,True
2025-04-07 20:45:00,1.09064,1.09093,1.09059,1.09071,331,True
2025-04-07 20:50:00,1.09073,1.09084,1.09052,1.09066,326,True
2025-04-07 20:55:00,1.09066,1.09107,1.09047,1.091,766,True
2025-04-07 21:00:00,1.09088,1.09088,1.09088,1.09088,1,True
2025-04-07 21:10:00,1.09086,1.09099,1.09086,1.09087,5,True
2025-04-07 21:15:00,1.09088,1.09088,1.09088,1.09088,1,True
2025-04-07 21:20:00,1.09102,1.09125,1.091,1.09117,52,True
2025-04-07 21:25:00,1.09118,1.0912,1.09117,1.09119,15,True
2025-04-07 21:30:00,1.09124,1.09127,1.09122,1.09125,26,True
2025-04-07 21:35:00,1.09125,1.09186,1.09123,1.09131,74,True
2025-04-07 21:40:00,1.09131,1.09135,1.09131,1.09135,3,True
2025-04-07 21:45:00,1.09136,1.09147,1.09132,1.09135,30,True
2025-04-07 21:50:00,1.09135,1.09228,1.09135,1.09171,86,True
2025-04-07 21:55:00,1.09165,1.09174,1.09152,1.09155,69,True
2025-04-07 22:00:00,1.0916,1.0922,1.09131,1.09142,262,True
2025-04-07 22:05:00,1.09142,1.09162,1.09117,1.09141,169,True
2025-04-07 22:10:00,1.0914,1.09157,1.09128,1.09148,197,True
2025-04-07 22:15:00,1.09148,1.09175,1.09093,1.09095,337,True
2025-04-07 22:20:00,1.09096,1.09126,1.09094,1.09111,243,True
2025-04-07 22:25:00,1.09113,1.09138,1.09113,1.09123,176,True
2025-04-07 22:30:00,1.09123,1.09146,1.09106,1.09146,176,True
2025-04-07 22:35:00,1.09146,1.09202,1.09146,1.09186,348,True
2025-04-07 22:40:00,1.09185,1.09193,1.09155,1.09166,403,True
2025-04-07 22:45:00,1.09168,1.09193,1.09163,1.09192,260,True
2025-04-07 22:50:00,1.09193,1.09202,1.09174,1.09182,342,True
2025-04-07 22:55:00,1.09184,1.0919,1.09166,1.09182,146,True
2025-04-07 23:00:00,1.09179,1.09202,1.09166,1.09175,335,True
2025-04-07 23:05:00,1.09176,1.09182,1.09144,1.09165,335,True
2025-04-07 23:10:00,1.09168,1.09171,1.09148,1.09148,329,True
2025-04-07 23:15:00,1.09149,1.0915,1.09092,1.09106,400,True
2025-04-07 23:20:00,1.09108,1.09141,1.09086,1.0913,407,True
2025-04-07 23:25:00,1.0913,1.09159,1.09129,1.09149,474,True
2025-04-07 23:30:00,1.09148,1.0917,1.09128,1.09128,627,True
2025-04-07 23:35:00,1.09128,1.09173,1.09128,1.09159,546,True
2025-04-07 23:40:00,1.09159,1.09185,1.09152,1.0917,412,True
2025-04-07 23:45:00,1.09171,1.09195,1.09144,1.09175,861,True
2025-04-07 23:50:00,1.09177,1.09189,1.09154,1.09169,526,True
2025-04-07 23:55:00,1.09171,1.09188,1.09139,1.09157,499,True
2025-04-08 00:00:00,1.09158,1.09273,1.09157,1.09244,1577,True
2025-04-08 00:05:00,1.09242,1.09264,1.0922,1.0923,701,True
2025-04-08 00:10:00,1.09231,1.09269,1.09224,1.09264,899,True
2025-04-08 00:15:00,1.09267,1.0927,1.09215,1.09232,1146,True
2025-04-08 00:20:00,1.09233,1.09331,1.09228,1.09311,1165,True
2025-04-08 00:25:00,1.09311,1.09366,1.09307,1.0936,630,True
2025-04-08 00:30:00,1.09362,1.09401,1.09355,1.09384,721,True
2025-04-08 00:35:00,1.09382,1.09448,1.09382,1.09445,583,True
2025-04-08 00:40:00,1.09446,1.09455,1.09398,1.09431,703,True
2025-04-08 00:45:00,1.09429,1.09443,1.09384,1.09407,647,True
2025-04-08 00:50:00,1.09406,1.09511,1.09381,1.09498,1246,True
2025-04-08 00:55:00,1.09498,1.09513,1.09392,1.09408,1714,True
2025-04-08 01:00:00,1.09407,1.09555,1.09407,1.09554,1873,True
2025-04-08 01:05:00,1.09554,1.09557,1.09475,1.09486,1313,True
2025-04-08 01:10:00,1.09486,1.09498,1.0945,1.0947,1179,True
2025-04-08 01:15:00,1.09471,1.09504,1.09388,1.0947,1670,True
2025-04-08 01:20:00,1.09471,1.09518,1.09469,1.0948,1115,True
2025-04-08 01:25:00,1.09481,1.09542,1.09481,1.09525,1305,True
2025-04-08 01:30:00,1.09524,1.09583,1.09489,1.09577,1420,True
2025-04-08 01:35:00,1.09576,1.09603,1.09543,1.09569,1015,True
2025-04-08 01:40:00,1.09571,1.09608,1.09555,1.09606,1212,True
2025-04-08 01:45:00,1.09606,1.09613,1.09577,1.09608,1190,True
2025-04-08 01:50:00,1.09609,1.09627,1.09578,1.09606,688,True
2025-04-08 01:55:00,1.09606,1.09627,1.0958,1.09608,667,True
2025-04-08 02:00:00,1.09605,1.09662,1.09605,1.09658,832,True
2025-04-08 02:05:00,1.09658,1.09687,1.09637,1.09668,651,True
2025-04-08 02:10:00,1.09669,1.0969,1.09657,1.09683,742,True
2025-04-08 02:15:00,1.09685,1.09707,1.09665,1.0969,610,True
2025-04-08 02:20:00,1.0969,1.09693,1.09664,1.09679,637,True
2025-04-08 02:25:00,1.0968,1.097,1.09672,1.09682,516,True
2025-04-08 02:30:00,1.09682,1.09708,1.09672,1.09705,575,True
2025-04-08 02:35:00,1.09705,1.09762,1.09694,1.09756,613,True
2025-04-08 02:40:00,1.09755,1.09806,1.09734,1.09787,703,True
2025-04-08 02:45:00,1.09786,1.09812,1.0975,1.0975,811,True
2025-04-08 02:50:00,1.0975,1.09755,1.09719,1.09735,482,True
2025-04-08 02:55:00,1.09735,1.09755,1.09702,1.0972,715,True
2025-04-08 03:00:00,1.09721,1.09728,1.09685,1.09706,621,True
2025-04-08 03:05:00,1.09707,1.09716,1.09677,1.09678,569,True
2025-04-08 03:10:00,1.09678,1.09691,1.09663,1.09674,631,True
2025-04-08 03:15:00,1.09674,1.0971,1.09662,1.09694,803,True
2025-04-08 03:20:00,1.09696,1.09722,1.0967,1.09707,420,True
2025-04-08 03:25:00,1.09708,1.09711,1.09659,1.09665,417,True
2025-04-08 03:30:00,1.09665,1.09679,1.09648,1.09664,622,True
2025-04-08 03:35:00,1.09664,1.09667,1.09627,1.0964,539,True
2025-04-08 03:40:00,1.09639,1.09644,1.09616,1.09637,503,True
2025-04-08 03:45:00,1.09639,1.09654,1.09626,1.09643,434,True
2025-04-08 03:50:00,1.09644,1.09658,1.09642,1.09653,353,True
2025-04-08 03:55:00,1.09654,1.09662,1.09632,1.09643,393,True
2025-04-08 04:00:00,1.09641,1.09667,1.09629,1.09638,516,True
2025-04-08 04:05:00,1.09638,1.09686,1.09638,1.09671,610,True
2025-04-08 04:10:00,1.0967,1.09691,1.09659,1.09691,526,True
2025-04-08 04:15:00,1.0969,1.09783,1.09683,1.09761,647,True
2025-04-08 04:20:00,1.09761,1.09798,1.09757,1.0978,514,True
2025-04-08 04:25:00,1.0978,1.09805,1.09768,1.09787,489,True
2025-04-08 04:30:00,1.09785,1.09797,1.09759,1.09767,476,True
2025-04-08 04:35:00,1.09768,1.09775,1.09746,1.09747,605,True
2025-04-08 04:40:00,1.09747,1.09771,1.09733,1.09736,475,True
2025-04-08 04:45:00,1.09734,1.09768,1.09723,1.09744,605,True
2025-04-08 04:50:00,1.09745,1.09761,1.09735,1.09736,466,True
2025-04-08 04:55:00,1.09736,1.0977,1.0972,1.09769,545,True
2025-04-08 05:00:00,1.09768,1.09768,1.09728,1.09736,749,True
2025-04-08 05:05:00,1.09736,1.09736,1.0967,1.0969,855,True
2025-04-08 05:10:00,1.09691,1.09691,1.09651,1.09684,728,True
2025-04-08 05:15:00,1.09681,1.09681,1.09644,1.09669,577,True
2025-04-08 05:20:00,1.09667,1.09678,1.0963,1.09637,692,True
2025-04-08 05:25:00,1.09633,1.09659,1.09617,1.0962,567,True
2025-04-08 05:30:00,1.09618,1.09661,1.09611,1.09623,757,True
2025-04-08 05:35:00,1.09624,1.09642,1.09598,1.09636,659,True
2025-04-08 05:40:00,1.09635,1.09643,1.09548,1.09575,814,True
2025-04-08 05:45:00,1.09576,1.09593,1.09559,1.09589,751,True
2025-04-08 05:50:00,1.09588,1.09657,1.09588,1.09653,769,True
2025-04-08 05:55:00,1.09656,1.09696,1.09656,1.09692,751,True
2025-04-08 06:00:00,1.09688,1.09751,1.09622,1.09726,1693,True
2025-04-08 06:05:00,1.09727,1.09816,1.097,1.09813,1395,True
2025-04-08 06:10:00,1.09814,1.09832,1.09768,1.09777,1115,True
2025-04-08 06:15:00,1.09778,1.09801,1.09725,1.09734,1030,True
2025-04-08 06:20:00,1.09733,1.09753,1.09716,1.09738,1099,True
2025-04-08 06:25:00,1.09737,1.09789,1.09734,1.0976,1296,True
2025-04-08 06:30:00,1.0976,1.09866,1.09729,1.09762,1439,True
2025-04-08 06:35:00,1.09761,1.09885,1.0975,1.09875,1394,True
2025-04-08 06:40:00,1.09871,1.09929,1.09818,1.09919,1203,True
2025-04-08 06:45:00,1.09916,1.09929,1.09855,1.09923,1446,True
2025-04-08 06:50:00,1.09923,1.09926,1.09851,1.09864,1303,True
2025-04-08 06:55:00,1.09863,1.09863,1.09766,1.09775,1767,True
2025-04-08 07:00:00,1.09775,1.09806,1.09735,1.09742,2272,True
2025-04-08 07:05:00,1.09741,1.09793,1.09729,1.09784,1285,True
2025-04-08 07:10:00,1.09781,1.09785,1.09688,1.09781,1836,True
2025-04-08 07:15:00,1.09781,1.09815,1.09661,1.09666,1867,True
2025-04-08 07:20:00,1.09667,1.09667,1.09557,1.09597,2102,True
2025-04-08 07:25:00,1.09597,1.09625,1.09558,1.09596,1607,True
2025-04-08 07:30:00,1.09595,1.09734,1.09582,1.09686,2110,True
2025-04-08 07:35:00,1.09685,1.09694,1.09545,1.09552,1958,True
2025-04-08 07:40:00,1.09552,1.09577,1.09473,1.09488,1940,True
2025-04-08 07:45:00,1.09487,1.0949,1.09394,1.09473,2014,True
2025-04-08 07:50:00,1.09472,1.09477,1.09394,1.09459,1811,True
2025-04-08 07:55:00,1.09456,1.09456,1.09223,1.09244,1878,True
2025-04-08 08:00:00,1.09245,1.09329,1.09236,1.09313,1593,True
2025-04-08 08:05:00,1.09313,1.0941,1.09307,1.09399,1658,True
2025-04-08 08:10:00,1.09397,1.09426,1.09359,1.0941,1379,True
2025-04-08 08:15:00,1.09409,1.09451,1.09409,1.09434,1484,True
2025-04-08 08:20:00,1.09433,1.09453,1.09404,1.09433,1281,True
2025-04-08 08:25:00,1.09432,1.09475,1.09408,1.09475,1179,True
2025-04-08 08:30:00,1.09472,1.09497,1.0941,1.09417,1350,True
2025-04-08 08:35:00,1.09414,1.09463,1.09405,1.09414,1257,True
2025-04-08 08:40:00,1.09415,1.09464,1.09406,1.09463,1067,True
2025-04-08 08:45:00,1.09464,1.09471,1.09406,1.09421,1127,True
2025-04-08 08:50:00,1.09419,1.09457,1.09301,1.09368,1662,True
2025-04-08 08:55:00,1.09368,1.09427,1.0933,1.09374,1400,True
2025-04-08 09:00:00,1.09372,1.09382,1.09287,1.09333,1579,True
2025-04-08 09:05:00,1.09334,1.09354,1.09254,1.09279,1382,True
2025-04-08 09:10:00,1.09277,1.09301,1.09169,1.09285,1805,True
2025-04-08 09:15:00,1.09284,1.09315,1.09219,1.09219,1292,True
2025-04-08 09:20:00,1.0922,1.09234,1.09136,1.09142,1555,True
2025-04-08 09:25:00,1.09141,1.09189,1.09127,1.0918,1467,True
2025-04-08 09:30:00,1.09179,1.09209,1.0912,1.09154,1494,True
2025-04-08 09:35:00,1.09154,1.09232,1.09137,1.09179,1277,True
2025-04-08 09:40:00,1.09178,1.09265,1.09178,1.09265,1413,True
2025-04-08 09:45:00,1.09263,1.09295,1.09239,1.09264,1117,True
2025-04-08 09:50:00,1.09263,1.09299,1.09246,1.09278,1150,True
2025-04-08 09:55:00,1.09278,1.09304,1.09201,1.09207,942,True
2025-04-08 10:00:00,1.09205,1.09217,1.09153,1.09173,1188,True
2025-04-08 10:05:00,1.09173,1.09261,1.09171,1.09235,1153,True
2025-04-08 10:10:00,1.09233,1.0925,1.09174,1.09177,919,True
2025-04-08 10:15:00,1.09174,1.0922,1.09143,1.09179,1101,True
2025-04-08 10:20:00,1.0918,1.0926,1.09178,1.09249,1127,True
2025-04-08 10:25:00,1.09249,1.09325,1.09231,1.09321,1244,True
2025-04-08 10:30:00,1.0932,1.09392,1.09313,1.09335,1375,True
2025-04-08 10:35:00,1.09335,1.09395,1.0931,1.09392,1272,True
2025-04-08 10:40:00,1.0939,1.094,1.09326,1.09342,1282,True
2025-04-08 10:45:00,1.09343,1.09376,1.09307,1.09314,1081,True
2025-04-08 10:50:00,1.09313,1.0935,1.09253,1.09268,1393,True
2025-04-08 10:55:00,1.09268,1.09293,1.09229,1.09284,1461,True
2025-04-08 11:00:00,1.09281,1.09354,1.09261,1.09352,1465,True
2025-04-08 11:05:00,1.0935,1.09375,1.09309,1.09314,1123,True
2025-04-08 11:10:00,1.09315,1.09403,1.09315,1.09394,1593,True
2025-04-08 11:15:00,1.09395,1.09439,1.09365,1.09433,1614,True
2025-04-08 11:20:00,1.09431,1.09457,1.09404,1.09428,1581,True
2025-04-08 11:25:00,1.09426,1.09428,1.09356,1.09364,1338,True
2025-04-08 11:30:00,1.09362,1.09363,1.09303,1.09307,1154,True
2025-04-08 11:35:00,1.09307,1.09323,1.09273,1.0928,1510,True
2025-04-08 11:40:00,1.09282,1.09332,1.09257,1.09319,1470,True
2025-04-08 11:45:00,1.09319,1.09381,1.09312,1.09367,1361,True
2025-04-08 11:50:00,1.09367,1.09433,1.09348,1.09387,1384,True
2025-04-08 11:55:00,1.09387,1.09387,1.09344,1.0935,1264,True
2025-04-08 12:00:00,1.09351,1.09457,1.09351,1.09453,1602,True
2025-04-08 12:05:00,1.09455,1.09517,1.09425,1.09506,1188,True
2025-04-08 12:10:00,1.09504,1.09559,1.09465,1.09522,1634,True
2025-04-08 12:15:00,1.09521,1.09544,1.0949,1.09497,1092,True
2025-04-08 12:20:00,1.09497,1.09519,1.09449,1.09469,1373,True
2025-04-08 12:25:00,1.0947,1.09497,1.09445,1.09485,1022,True
2025-04-08 12:30:00,1.09483,1.09612,1.09442,1.09597,1930,True
2025-04-08 12:35:00,1.09599,1.09682,1.09565,1.09676,1371,True
2025-04-08 12:40:00,1.09677,1.09693,1.09589,1.09593,1187,True
2025-04-08 12:45:00,1.09595,1.0962,1.09561,1.09562,1200,True
2025-04-08 12:50:00,1.09561,1.09568,1.09518,1.09542,1161,True
2025-04-08 12:55:00,1.09542,1.09563,1.09482,1.09492,1234,True
2025-04-08 13:00:00,1.09492,1.09515,1.09442,1.09468,1498,True
2025-04-08 13:05:00,1.0947,1.09532,1.09403,1.09454,2477,True
2025-04-08 13:10:00,1.09456,1.09511,1.09405,1.09459,3041,True
2025-04-08 13:15:00,1.09462,1.09522,1.09426,1.09519,1980,True
2025-04-08 13:20:00,1.09518,1.0956,1.09465,1.09542,1879,True
2025-04-08 13:25:00,1.09544,1.09561,1.09506,1.09557,1550,True
2025-04-08 13:30:00,1.09555,1.09567,1.09421,1.09423,2090,True
2025-04-08 13:35:00,1.09422,1.09447,1.09333,1.0934,2056,True
2025-04-08 13:40:00,1.09342,1.09356,1.09279,1.09307,2311,True
2025-04-08 13:45:00,1.09308,1.09406,1.09287,1.09372,2100,True
2025-04-08 13:50:00,1.0937,1.09413,1.09331,1.09413,1761,True
2025-04-08 13:55:00,1.09414,1.09443,1.09344,1.09367,1659,True
2025-04-08 14:00:00,1.09367,1.09371,1.09178,1.09184,2086,True
2025-04-08 14:05:00,1.09186,1.09274,1.09186,1.09242,1790,True
2025-04-08 14:10:00,1.09242,1.09249,1.09126,1.09222,2080,True
2025-04-08 14:15:00,1.09222,1.09223,1.09133,1.0918,1819,True
2025-04-08 14:20:00,1.09182,1.09185,1.09025,1.09038,2119,True
2025-04-08 14:25:00,1.09039,1.09125,1.0903,1.09063,2064,True
2025-04-08 14:30:00,1.09063,1.09142,1.09007,1.09023,2369,True
2025-04-08 14:35:00,1.09022,1.09058,1.0889,1.09053,2654,True
2025-04-08 14:40:00,1.09053,1.09055,1.08899,1.08959,2191,True
2025-04-08 14:45:00,1.08962,1.09037,1.08937,1.09036,1766,True
2025-04-08 14:50:00,1.09038,1.09123,1.09019,1.09114,1946,True
2025-04-08 14:55:00,1.09114,1.09164,1.09101,1.09109,2420,True
2025-04-08 15:00:00,1.0911,1.09168,1.09087,1.09095,2114,True
2025-04-08 15:05:00,1.09096,1.09136,1.09087,1.09089,1511,True
2025-04-08 15:10:00,1.0909,1.09102,1.08966,1.08994,2058,True
2025-04-08 15:15:00,1.08994,1.09034,1.08972,1.0903,1592,True
2025-04-08 15:20:00,1.09031,1.09115,1.09024,1.09114,1398,True
2025-04-08 15:25:00,1.09112,1.09176,1.09109,1.09127,1301,True
2025-04-08 15:30:00,1.09127,1.09202,1.09115,1.09201,1668,True
2025-04-08 15:35:00,1.09201,1.09202,1.09123,1.09156,1255,True
2025-04-08 15:40:00,1.09158,1.09169,1.0907,1.09091,1206,True
2025-04-08 15:45:00,1.09092,1.09167,1.0909,1.09164,1068,True
2025-04-08 15:50:00,1.09165,1.09202,1.09145,1.09186,1192,True
2025-04-08 15:55:00,1.09186,1.09186,1.09095,1.09125,1374,True
2025-04-08 16:00:00,1.09127,1.09128,1.09016,1.09018,1430,True
2025-04-08 16:05:00,1.0902,1.09096,1.08994,1.09095,1314,True
2025-04-08 16:10:00,1.09093,1.09105,1.09055,1.09079,1003,True
2025-04-08 16:15:00,1.0908,1.09105,1.09059,1.09093,1146,True
2025-04-08 16:20:00,1.09091,1.09102,1.09059,1.09097,1135,True
2025-04-08 16:25:00,1.09098,1.09134,1.09089,1.09132,864,True
2025-04-08 16:30:00,1.09135,1.0918,1.09102,1.09149,1534,True
2025-04-08 16:35:00,1.09149,1.09182,1.09109,1.09169,1583,True
2025-04-08 16:40:00,1.0917,1.09237,1.09163,1.0922,1487,True
2025-04-08 16:45:00,1.09219,1.09331,1.09219,1.09296,2004,True
2025-04-08 16:50:00,1.09297,1.09332,1.09257,1.09258,1394,True
2025-04-08 16:55:00,1.09258,1.09326,1.09255,1.09305,1542,True
2025-04-08 17:00:00,1.09304,1.09359,1.09288,1.09335,1566,True
2025-04-08 17:05:00,1.09334,1.09438,1.09283,1.09411,1580,True
2025-04-08 17:10:00,1.09412,1.09497,1.09406,1.09441,1999,True
2025-04-08 17:15:00,1.09438,1.09441,1.09369,1.09401,1681,True
2025-04-08 17:20:00,1.09401,1.09424,1.09364,1.09371,1281,True
2025-04-08 17:25:00,1.09371,1.09444,1.09371,1.09422,1650,True
2025-04-08 17:30:00,1.09423,1.09463,1.09414,1.09422,1668,True
2025-04-08 17:35:00,1.09423,1.09423,1.09304,1.09314,2506,True
2025-04-08 17:40:00,1.09314,1.09355,1.09271,1.09342,1947,True
2025-04-08 17:45:00,1.09342,1.09417,1.0929,1.09401,1602,True
2025-04-08 17:50:00,1.09402,1.0943,1.09309,1.09347,1871,True
2025-04-08 17:55:00,1.09348,1.09362,1.09304,1.09346,1506,True
2025-04-08 18:00:00,1.09346,1.09361,1.09305,1.09333,1584,True
2025-04-08 18:05:00,1.09332,1.09428,1.09323,1.09419,1284,True
2025-04-08 18:10:00,1.09418,1.09497,1.09415,1.09483,1382,True
2025-04-08 18:15:00,1.09484,1.09518,1.09483,1.09516,829,True
2025-04-08 18:20:00,1.09516,1.09569,1.09489,1.09549,1308,True
2025-04-08 18:25:00,1.09548,1.09585,1.09517,1.09572,1333,True
2025-04-08 18:30:00,1.09571,1.09702,1.09531,1.09583,2835,True
2025-04-08 18:35:00,1.09584,1.0959,1.09541,1.09555,1088,True
2025-04-08 18:40:00,1.09555,1.09569,1.09524,1.09561,992,True
2025-04-08 18:45:00,1.09559,1.09562,1.09486,1.09504,1377,True
2025-04-08 18:50:00,1.09505,1.0954,1.09476,1.09481,1015,True
2025-04-08 18:55:00,1.09481,1.09535,1.09465,1.0953,1275,True
2025-04-08 19:00:00,1.09528,1.09624,1.09518,1.09618,1174,True
2025-04-08 19:05:00,1.0962,1.09673,1.09607,1.0967,1120,True
2025-04-08 19:10:00,1.0967,1.09743,1.09659,1.09736,1090,True
2025-04-08 19:15:00,1.09737,1.09788,1.09731,1.09777,1054,True
2025-04-08 19:20:00,1.09775,1.09786,1.09691,1.09703,1204,True
2025-04-08 19:25:00,1.09701,1.09702,1.09672,1.09694,1190,True
2025-04-08 19:30:00,1.09693,1.09717,1.0968,1.09688,1026,True
2025-04-08 19:35:00,1.0969,1.09691,1.09632,1.09646,1085,True
2025-04-08 19:40:00,1.09645,1.09647,1.09596,1.09597,1065,True
2025-04-08 19:45:00,1.09597,1.09598,1.09516,1.0955,1096,True
2025-04-08 19:50:00,1.09549,1.09595,1.09524,1.09552,1402,True
2025-04-08 19:55:00,1.09553,1.09607,1.09547,1.09549,1131,True
2025-04-08 20:00:00,1.09547,1.09602,1.09542,1.09601,618,True
2025-04-08 20:05:00,1.09602,1.09637,1.0959,1.09626,419,True
2025-04-08 20:10:00,1.09625,1.09627,1.09539,1.09541,425,True
2025-04-08 20:15:00,1.0954,1.09542,1.09493,1.09504,366,True
2025-04-08 20:20:00,1.09503,1.09513,1.09444,1.09446,363,True
2025-04-08 20:25:00,1.09447,1.09454,1.09397,1.0943,441,True
2025-04-08 20:30:00,1.0943,1.09471,1.09409,1.09443,399,True
2025-04-08 20:35:00,1.09444,1.09473,1.09434,1.09467,282,True
2025-04-08 20:40:00,1.09463,1.09488,1.09449,1.09449,237,True
2025-04-08 20:45:00,1.09448,1.09532,1.09446,1.09522,457,True
2025-04-08 20:50:00,1.09524,1.09576,1.09524,1.09556,405,True
2025-04-08 20:55:00,1.09555,1.09599,1.09553,1.09598,424,True
2025-04-08 21:00:00,1.09615,1.09615,1.09615,1.09615,1,True
2025-04-08 21:05:00,1.09602,1.09621,1.09549,1.09602,27,True
2025-04-08 21:10:00,1.09611,1.09613,1.09598,1.09607,11,True
2025-04-08 21:15:00,1.09602,1.09622,1.09602,1.09615,8,True
2025-04-08 21:20:00,1.09621,1.09621,1.0961,1.09615,28,True
2025-04-08 21:25:00,1.09619,1.09623,1.09618,1.09623,8,True
2025-04-08 21:30:00,1.09617,1.09632,1.09596,1.09615,35,True
2025-04-08 21:35:00,1.09607,1.09629,1.09607,1.09621,57,True
2025-04-08 21:40:00,1.09628,1.09628,1.09617,1.09618,21,True
2025-04-08 21:45:00,1.09619,1.09629,1.09618,1.09627,18,True
2025-04-08 21:50:00,1.09625,1.09625,1.09609,1.09614,29,True
2025-04-08 21:55:00,1.09613,1.09628,1.09606,1.09613,98,True
2025-04-08 22:00:00,1.09614,1.09649,1.09591,1.09641,604,True
2025-04-08 22:05:00,1.09642,1.0966,1.09606,1.09635,390,True
2025-04-08 22:10:00,1.09633,1.09719,1.09621,1.09689,358,True
2025-04-08 22:15:00,1.09688,1.09732,1.09688,1.09713,443,True
2025-04-08 22:20:00,1.09713,1.09753,1.0971,1.09738,608,True
2025-04-08 22:25:00,1.09738,1.09753,1.09673,1.09683,358,True
2025-04-08 22:30:00,1.09682,1.09718,1.09673,1.09718,448,True
2025-04-08 22:35:00,1.09716,1.09785,1.09707,1.09751,437,True
2025-04-08 22:40:00,1.0975,1.09776,1.09719,1.09727,335,True
2025-04-08 22:45:00,1.09726,1.09743,1.09706,1.09713,213,True
2025-04-08 22:50:00,1.09714,1.09721,1.09703,1.09715,177,True
2025-04-08 22:55:00,1.09715,1.09721,1.09683,1.09692,239,True
2025-04-08 23:00:00,1.09691,1.09772,1.09676,1.09768,565,True
2025-04-08 23:05:00,1.09769,1.09802,1.09721,1.09729,580,True
2025-04-08 23:10:00,1.09728,1.09752,1.09709,1.09749,489,True
2025-04-08 23:15:00,1.09751,1.09762,1.09703,1.09726,618,True
2025-04-08 23:20:00,1.09725,1.09792,1.09719,1.0978,598,True
2025-04-08 23:25:00,1.0978,1.09805,1.09759,1.09802,580,True
2025-04-08 23:30:00,1.09801,1.09819,1.09783,1.09812,561,True
2025-04-08 23:35:00,1.09812,1.0983,1.09794,1.09828,654,True
2025-04-08 23:40:00,1.09829,1.09831,1.09797,1.098,683,True
2025-04-08 23:45:00,1.098,1.0986,1.09789,1.09828,1006,True
2025-04-08 23:50:00,1.09828,1.09856,1.09818,1.09848,913,True
2025-04-08 23:55:00,1.09848,1.09861,1.09765,1.09784,815,True
2025-04-09 00:00:00,1.09784,1.09809,1.0972,1.09742,2142,True
2025-04-09 00:05:00,1.09743,1.09782,1.09721,1.09734,1881,True
2025-04-09 00:10:00,1.09738,1.09784,1.09722,1.09757,1466,True
2025-04-09 00:15:00,1.09756,1.09819,1.09744,1.09808,1895,True
2025-04-09 00:20:00,1.09812,1.09913,1.09812,1.09902,1914,True
2025-04-09 00:25:00,1.09901,1.09939,1.09893,1.09903,1218,True
2025-04-09 00:30:00,1.09905,1.09958,1.09891,1.09931,1510,True
2025-04-09 00:35:00,1.0993,1.09993,1.09911,1.09985,1489,True
2025-04-09 00:40:00,1.09985,1.10006,1.09964,1.09995,1605,True
2025-04-09 00:45:00,1.09995,1.10094,1.09975,1.10075,1501,True
2025-04-09 00:50:00,1.10076,1.10109,1.10062,1.10062,1264,True
2025-04-09 00:55:00,1.10062,1.10176,1.10037,1.10157,1425,True
2025-04-09 01:00:00,1.10157,1.10238,1.10147,1.10226,1978,True
2025-04-09 01:05:00,1.10227,1.10294,1.10205,1.10241,2110,True
2025-04-09 01:10:00,1.10245,1.10264,1.10166,1.10195,1587,True
2025-04-09 01:15:00,1.10194,1.10335,1.10182,1.103,3299,True
2025-04-09 01:20:00,1.10299,1.10408,1.10283,1.10364,2380,True
2025-04-09 01:25:00,1.10364,1.10406,1.10348,1.10393,1513,True
2025-04-09 01:30:00,1.10392,1.10395,1.10238,1.10266,2421,True
2025-04-09 01:35:00,1.10266,1.10268,1.10196,1.10238,1940,True
2025-04-09 01:40:00,1.10242,1.10322,1.10216,1.10298,1770,True
2025-04-09 01:45:00,1.10299,1.10396,1.1026,1.10299,1990,True
2025-04-09 01:50:00,1.103,1.10313,1.102,1.10205,2253,True
2025-04-09 01:55:00,1.10204,1.10226,1.10185,1.10211,1475,True
2025-04-09 02:00:00,1.10211,1.10298,1.10195,1.10264,2315,True
2025-04-09 02:05:00,1.10264,1.10293,1.10229,1.10261,1561,True
2025-04-09 02:10:00,1.10261,1.10285,1.10227,1.10239,1759,True
2025-04-09 02:15:00,1.10238,1.10247,1.10187,1.10207,1351,True
2025-04-09 02:20:00,1.10207,1.10251,1.10174,1.10237,1097,True
2025-04-09 02:25:00,1.10238,1.10285,1.10225,1.10243,758,True
2025-04-09 02:30:00,1.10244,1.1028,1.10189,1.10192,1296,True
2025-04-09 02:35:00,1.10193,1.1022,1.10146,1.10148,952,True
2025-04-09 02:40:00,1.10148,1.10149,1.10104,1.10138,1244,True
2025-04-09 02:45:00,1.10138,1.10157,1.1012,1.10148,795,True
2025-04-09 02:50:00,1.10149,1.10177,1.10106,1.10152,1095,True
2025-04-09 02:55:00,1.10152,1.10213,1.10144,1.10207,1131,True
2025-04-09 03:00:00,1.10206,1.10236,1.10156,1.10212,1148,True
2025-04-09 03:05:00,1.1021,1.10284,1.10204,1.10268,879,True
2025-04-09 03:10:00,1.10268,1.10307,1.10218,1.10232,1221,True
2025-04-09 03:15:00,1.10232,1.10245,1.10184,1.10243,1161,True
2025-04-09 03:20:00,1.10243,1.10288,1.10224,1.10277,1697,True
2025-04-09 03:25:00,1.10278,1.10368,1.10275,1.10353,1079,True
2025-04-09 03:30:00,1.10356,1.1037,1.10309,1.10332,949,True
2025-04-09 03:35:00,1.10332,1.10332,1.1024,1.1024,935,True
2025-04-09 03:40:00,1.1024,1.10269,1.10164,1.10195,1372,True
2025-04-09 03:45:00,1.10194,1.10221,1.10157,1.1018,1082,True
2025-04-09 03:50:00,1.10179,1.10195,1.10151,1.10173,922,True
2025-04-09 03:55:00,1.10174,1.10227,1.10136,1.10206,1827,True
2025-04-09 04:00:00,1.10205,1.10313,1.10197,1.10311,2819,True
2025-04-09 04:05:00,1.10311,1.10408,1.10287,1.10366,2163,True
2025-04-09 04:10:00,1.10367,1.10429,1.10311,1.10393,2214,True
2025-04-09 04:15:00,1.10395,1.10459,1.10381,1.10437,1642,True
2025-04-09 04:20:00,1.10436,1.10484,1.10436,1.10467,1214,True
2025-04-09 04:25:00,1.10468,1.10658,1.10455,1.10629,1928,True
2025-04-09 04:30:00,1.10627,1.10665,1.10597,1.10602,2128,True
2025-04-09 04:35:00,1.10601,1.10617,1.10514,1.10564,2153,True
2025-04-09 04:40:00,1.10564,1.10613,1.1053,1.10592,1750,True
2025-04-09 04:45:00,1.10593,1.10593,1.10484,1.10519,1351,True
2025-04-09 04:50:00,1.1052,1.10623,1.10517,1.10613,1659,True
2025-04-09 04:55:00,1.10613,1.10698,1.10597,1.10694,1413,True
2025-04-09 05:00:00,1.10692,1.10692,1.10572,1.10578,2132,True
2025-04-09 05:05:00,1.10575,1.10585,1.10472,1.10502,1889,True
2025-04-09 05:10:00,1.10501,1.10544,1.10452,1.1046,1613,True
2025-04-09 05:15:00,1.1046,1.10518,1.10448,1.10505,1779,True
2025-04-09 05:20:00,1.10503,1.10537,1.10474,1.10476,1636,True
2025-04-09 05:25:00,1.10476,1.10511,1.10406,1.10411,1781,True
2025-04-09 05:30:00,1.10411,1.10415,1.10349,1.10385,1505,True
2025-04-09 05:35:00,1.10384,1.10386,1.103,1.10383,1556,True
2025-04-09 05:40:00,1.10386,1.10467,1.10381,1.10464,1636,True
2025-04-09 05:45:00,1.10462,1.10555,1.10458,1.10554,1245,True
2025-04-09 05:50:00,1.10555,1.10636,1.1055,1.1058,1908,True
2025-04-09 05:55:00,1.10582,1.10633,1.10557,1.10625,1863,True
2025-04-09 06:00:00,1.10626,1.10644,1.10551,1.10603,2697,True
2025-04-09 06:05:00,1.10602,1.10661,1.10561,1.10592,2712,True
2025-04-09 06:10:00,1.10594,1.10622,1.1049,1.10496,2772,True
2025-04-09 06:15:00,1.10492,1.1057,1.10434,1.1052,3859,True
2025-04-09 06:20:00,1.10516,1.10633,1.10498,1.10596,2651,True
2025-04-09 06:25:00,1.10595,1.10611,1.10495,1.10545,2924,True
2025-04-09 06:30:00,1.10546,1.10659,1.10502,1.10644,3821,True
2025-04-09 06:35:00,1.10646,1.10661,1.10594,1.10603,2796,True
2025-04-09 06:40:00,1.10599,1.10645,1.10507,1.1061,2817,True
2025-04-09 06:45:00,1.10608,1.10672,1.10598,1.10659,2405,True
2025-04-09 06:50:00,1.10658,1.10904,1.10625,1.10877,2962,True
2025-04-09 06:55:00,1.10877,1.10908,1.10729,1.10738,3357,True
2025-04-09 07:00:00,1.10738,1.10808,1.10679,1.10691,5376,True
2025-04-09 07:05:00,1.1069,1.10768,1.10646,1.10731,3761,True
2025-04-09 07:10:00,1.1073,1.10766,1.10534,1.10596,3658,True
2025-04-09 07:15:00,1.10598,1.1063,1.10533,1.10575,3356,True
2025-04-09 07:20:00,1.10578,1.10682,1.10553,1.10591,2859,True
2025-04-09 07:25:00,1.10592,1.1065,1.10553,1.10564,3133,True
2025-04-09 07:30:00,1.10563,1.10573,1.10432,1.1049,2739,True
2025-04-09 07:35:00,1.10488,1.10535,1.10432,1.10463,2448,True
2025-04-09 07:40:00,1.10463,1.10518,1.10398,1.10471,2802,True
2025-04-09 07:45:00,1.1047,1.10471,1.10361,1.10363,3280,True
2025-04-09 07:50:00,1.10359,1.10369,1.10253,1.10328,3169,True
2025-04-09 07:55:00,1.10328,1.10352,1.10104,1.10162,4159,True
2025-04-09 08:00:00,1.10161,1.10222,1.09989,1.10071,3756,True
2025-04-09 08:05:00,1.1007,1.10156,1.10048,1.10114,2627,True
2025-04-09 08:10:00,1.10113,1.10162,1.1005,1.10155,2470,True
2025-04-09 08:15:00,1.10155,1.1022,1.10116,1.10133,1805,True
2025-04-09 08:20:00,1.10134,1.10179,1.1008,1.10175,2333,True
2025-04-09 08:25:00,1.10174,1.10262,1.10133,1.10221,2090,True
2025-04-09 08:30:00,1.10219,1.10267,1.10218,1.10247,2244,True
2025-04-09 08:35:00,1.10247,1.10297,1.10187,1.10226,2437,True
2025-04-09 08:40:00,1.10225,1.10287,1.10187,1.10275,2085,True
2025-04-09 08:45:00,1.10275,1.10361,1.10255,1.10299,2086,True
2025-04-09 08:50:00,1.10299,1.10343,1.10263,1.10306,2139,True
2025-04-09 08:55:00,1.10306,1.10327,1.10259,1.10283,1989,True
2025-04-09 09:00:00,1.10284,1.10284,1.10102,1.10142,2335,True
2025-04-09 09:05:00,1.10143,1.10265,1.10113,1.10259,1513,True
2025-04-09 09:10:00,1.1026,1.10352,1.10226,1.10352,1587,True
2025-04-09 09:15:00,1.10352,1.10355,1.10275,1.10333,1897,True
2025-04-09 09:20:00,1.10333,1.10334,1.10247,1.10247,1885,True
2025-04-09 09:25:00,1.10245,1.10298,1.10213,1.10282,1259,True
2025-04-09 09:30:00,1.10281,1.10334,1.1021,1.10309,1754,True
2025-04-09 09:35:00,1.10309,1.10364,1.10293,1.10338,1833,True
2025-04-09 09:40:00,1.10337,1.1038,1.10296,1.10358,1721,True
2025-04-09 09:45:00,1.10356,1.10405,1.10348,1.10386,1498,True
2025-04-09 09:50:00,1.10385,1.10417,1.10319,1.10357,1588,True
2025-04-09 09:55:00,1.10355,1.10511,1.10352,1.10449,2143,True
2025-04-09 10:00:00,1.10449,1.1051,1.1044,1.10506,1758,True
2025-04-09 10:05:00,1.10505,1.10539,1.10453,1.10536,1922,True
2025-04-09 10:10:00,1.10534,1.10588,1.10477,1.10488,2095,True
2025-04-09 10:15:00,1.10488,1.10494,1.10403,1.10405,1530,True
2025-04-09 10:20:00,1.10405,1.1041,1.10262,1.10285,1802,True
2025-04-09 10:25:00,1.10284,1.10328,1.10259,1.10305,1289,True
2025-04-09 10:30:00,1.10304,1.10337,1.10283,1.10321,1330,True
2025-04-09 10:35:00,1.10319,1.1036,1.10291,1.10329,1427,True
2025-04-09 10:40:00,1.10329,1.10406,1.103,1.10403,1561,True
2025-04-09 10:45:00,1.10407,1.10512,1.10405,1.1044,1670,True
2025-04-09 10:50:00,1.1044,1.10463,1.10336,1.10356,1832,True
2025-04-09 10:55:00,1.10358,1.1037,1.10266,1.1034,1889,True
2025-04-09 11:00:00,1.10338,1.10501,1.10225,1.10354,6294,True
2025-04-09 11:05:00,1.10354,1.10567,1.10306,1.10557,3278,True
2025-04-09 11:10:00,1.10557,1.10557,1.10381,1.10511,3354,True
2025-04-09 11:15:00,1.10508,1.10556,1.10355,1.10361,2983,True
2025-04-09 11:20:00,1.10358,1.10401,1.10311,1.10376,2465,True
2025-04-09 11:25:00,1.10375,1.10476,1.10358,1.10476,2170,True
2025-04-09 11:30:00,1.10477,1.10579,1.10413,1.10498,3074,True
2025-04-09 11:35:00,1.10496,1.10576,1.10389,1.10398,2569,True
2025-04-09 11:40:00,1.10397,1.10479,1.10365,1.10479,2457,True
2025-04-09 11:45:00,1.1048,1.10524,1.1041,1.10466,3290,True
2025-04-09 11:50:00,1.10465,1.10516,1.10323,1.1037,3084,True
2025-04-09 11:55:00,1.10372,1.10406,1.10331,1.10365,2369,True
2025-04-09 12:00:00,1.10365,1.1052,1.10357,1.10465,2804,True
2025-04-09 12:05:00,1.10465,1.10518,1.10399,1.10455,2603,True
2025-04-09 12:10:00,1.10454,1.10514,1.10414,1.10508,2335,True
2025-04-09 12:15:00,1.10505,1.10538,1.10473,1.10535,2022,True
2025-04-09 12:20:00,1.10532,1.10714,1.10509,1.10708,2393,True
2025-04-09 12:25:00,1.10709,1.10806,1.1066,1.10802,2396,True
2025-04-09 12:30:00,1.10802,1.10893,1.10769,1.1089,2559,True
2025-04-09 12:35:00,1.10889,1.1096,1.10819,1.10924,2183,True
2025-04-09 12:40:00,1.10923,1.10931,1.10798,1.10806,2057,True
2025-04-09 12:45:00,1.10806,1.10826,1.10633,1.10651,2315,True
2025-04-09 12:50:00,1.1065,1.10764,1.10607,1.1073,2732,True
2025-04-09 12:55:00,1.10731,1.1078,1.10659,1.10764,2608,True
2025-04-09 13:00:00,1.10765,1.10816,1.10621,1.10669,4449,True
2025-04-09 13:05:00,1.10669,1.10731,1.10614,1.10711,3355,True
2025-04-09 13:10:00,1.10711,1.10746,1.10666,1.10719,2908,True
2025-04-09 13:15:00,1.10719,1.10752,1.10623,1.10714,2388,True
2025-04-09 13:20:00,1.10713,1.10829,1.10705,1.10799,1883,True
2025-04-09 13:25:00,1.10798,1.10822,1.10759,1.10813,1521,True
2025-04-09 13:30:00,1.1081,1.10815,1.1058,1.10614,2832,True
2025-04-09 13:35:00,1.10612,1.10683,1.10546,1.10593,2598,True
2025-04-09 13:40:00,1.10595,1.10597,1.10479,1.10527,2754,True
2025-04-09 13:45:00,1.10527,1.10558,1.10432,1.10444,2396,True
2025-04-09 13:50:00,1.10443,1.10497,1.10337,1.10383,2597,True
2025-04-09 13:55:00,1.10384,1.1049,1.10364,1.1046,2687,True
2025-04-09 14:00:00,1.10459,1.10472,1.10318,1.10343,2252,True
2025-04-09 14:05:00,1.10344,1.10468,1.10344,1.10456,1928,True
2025-04-09 14:10:00,1.10454,1.10477,1.10378,1.10451,2089,True
2025-04-09 14:15:00,1.10449,1.10508,1.10429,1.1045,1587,True
2025-04-09 14:20:00,1.10447,1.10521,1.10414,1.10418,1757,True
2025-04-09 14:25:00,1.10416,1.1047,1.1038,1.10443,2191,True
2025-04-09 14:30:00,1.10443,1.10492,1.10435,1.10458,2261,True
2025-04-09 14:35:00,1.10456,1.10521,1.10449,1.10478,1703,True
2025-04-09 14:40:00,1.10477,1.10516,1.10321,1.10329,1603,True
2025-04-09 14:45:00,1.1033,1.1043,1.10329,1.10371,1777,True
2025-04-09 14:50:00,1.1037,1.10425,1.10268,1.10382,1876,True
2025-04-09 14:55:00,1.10383,1.10417,1.10353,1.10416,2515,True
2025-04-09 15:00:00,1.10417,1.10448,1.10375,1.10433,1956,True
2025-04-09 15:05:00,1.10435,1.10525,1.10433,1.10479,1389,True
2025-04-09 15:10:00,1.10479,1.10548,1.10462,1.10538,1308,True
2025-04-09 15:15:00,1.10539,1.10629,1.10502,1.10628,1492,True
2025-04-09 15:20:00,1.10629,1.10644,1.10531,1.10537,1364,True
2025-04-09 15:25:00,1.10537,1.10633,1.10523,1.10629,1126,True
2025-04-09 15:30:00,1.10631,1.10674,1.10589,1.1066,1335,True
2025-04-09 15:35:00,1.10659,1.10703,1.10605,1.10619,1310,True
2025-04-09 15:40:00,1.10619,1.10619,1.10494,1.10495,1291,True
2025-04-09 15:45:00,1.10497,1.10555,1.10475,1.10539,1344,True
2025-04-09 15:50:00,1.10539,1.10562,1.10439,1.10472,1584,True
2025-04-09 15:55:00,1.10474,1.10485,1.1038,1.10391,1523,True
2025-04-09 16:00:00,1.10392,1.104,1.10328,1.10366,1219,True
2025-04-09 16:05:00,1.10365,1.10366,1.10256,1.10276,1205,True
2025-04-09 16:10:00,1.10276,1.10362,1.1027,1.10357,1154,True
2025-04-09 16:15:00,1.10358,1.10396,1.1031,1.1039,1180,True
2025-04-09 16:20:00,1.10389,1.10434,1.10337,1.10368,1081,True
2025-04-09 16:25:00,1.10369,1.10376,1.10254,1.10283,1183,True
2025-04-09 16:30:00,1.10282,1.10342,1.10255,1.1034,903,True
2025-04-09 16:35:00,1.10338,1.10388,1.10324,1.10378,698,True
2025-04-09 16:40:00,1.10378,1.10402,1.10316,1.10368,1286,True
2025-04-09 16:45:00,1.10368,1.10423,1.10352,1.10401,1019,True
2025-04-09 16:50:00,1.10401,1.10419,1.10235,1.10248,1106,True
2025-04-09 16:55:00,1.10248,1.10249,1.10144,1.1021,1187,True
2025-04-09 17:00:00,1.10212,1.10287,1.09945,1.10128,3848,True
2025-04-09 17:05:00,1.10124,1.10192,1.1009,1.10154,2073,True
2025-04-09 17:10:00,1.10154,1.10268,1.10112,1.10255,1629,True
2025-04-09 17:15:00,1.10253,1.10353,1.10187,1.10266,3494,True
2025-04-09 17:20:00,1.10275,1.10649,1.09616,1.0962,8504,True
2025-04-09 17:25:00,1.09622,1.09826,1.09469,1.09796,8098,True
2025-04-09 17:30:00,1.09799,1.09973,1.09659,1.09702,5797,True
2025-04-09 17:35:00,1.09701,1.09958,1.09646,1.09958,4375,True
2025-04-09 17:40:00,1.09958,1.10094,1.09904,1.10042,4480,True
2025-04-09 17:45:00,1.10043,1.10206,1.10032,1.10196,4078,True
2025-04-09 17:50:00,1.10195,1.10204,1.09788,1.09821,4202,True
2025-04-09 17:55:00,1.09821,1.09942,1.09729,1.09789,3684,True
2025-04-09 18:00:00,1.0979,1.09808,1.09441,1.09457,4221,True
2025-04-09 18:05:00,1.09456,1.09516,1.09142,1.0938,5163,True
2025-04-09 18:10:00,1.09379,1.09416,1.09231,1.09312,5323,True
2025-04-09 18:15:00,1.09312,1.09432,1.09152,1.09234,4217,True
2025-04-09 18:20:00,1.09234,1.09478,1.09202,1.09425,3459,True
2025-04-09 18:25:00,1.09422,1.09505,1.09354,1.09447,2893,True
2025-04-09 18:30:00,1.09445,1.09585,1.09421,1.09584,2732,True
2025-04-09 18:35:00,1.09584,1.09683,1.09582,1.09593,2877,True
2025-04-09 18:40:00,1.09595,1.09839,1.09587,1.09793,2918,True
2025-04-09 18:45:00,1.09792,1.09837,1.09661,1.09671,2889,True
2025-04-09 18:50:00,1.09673,1.09684,1.09492,1.09555,2530,True
2025-04-09 18:55:00,1.0955,1.0968,1.09523,1.09648,2415,True
2025-04-09 19:00:00,1.0965,1.09737,1.0955,1.09675,2644,True
2025-04-09 19:05:00,1.09675,1.09732,1.09656,1.09718,2467,True
2025-04-09 19:10:00,1.09716,1.09778,1.09585,1.09595,1859,True
2025-04-09 19:15:00,1.09596,1.09645,1.09519,1.09529,1654,True
2025-04-09 19:20:00,1.09529,1.09714,1.09523,1.0964,2046,True
2025-04-09 19:25:00,1.09641,1.09656,1.09554,1.09618,2031,True
2025-04-09 19:30:00,1.09616,1.09687,1.09533,1.09541,2533,True
2025-04-09 19:35:00,1.09541,1.09564,1.09341,1.09345,2097,True
2025-04-09 19:40:00,1.09344,1.09454,1.09335,1.09442,2199,True
2025-04-09 19:45:00,1.09443,1.09517,1.0941,1.0944,1890,True
2025-04-09 19:50:00,1.09443,1.09529,1.09433,1.09481,1583,True
2025-04-09 19:55:00,1.0948,1.09487,1.09349,1.0936,1960,True
2025-04-09 20:00:00,1.09362,1.09393,1.0932,1.0937,1890,True
2025-04-09 20:05:00,1.09371,1.09418,1.09296,1.09417,1277,True
2025-04-09 20:10:00,1.09419,1.09484,1.09397,1.09483,1502,True
2025-04-09 20:15:00,1.09485,1.09538,1.09444,1.0947,1415,True
2025-04-09 20:20:00,1.0947,1.09495,1.09412,1.09457,1293,True
2025-04-09 20:25:00,1.09457,1.0963,1.09457,1.09525,1793,True
2025-04-09 20:30:00,1.09525,1.09542,1.09434,1.09453,1258,True
2025-04-09 20:35:00,1.09453,1.09467,1.09395,1.09405,604,True
2025-04-09 20:40:00,1.09405,1.09532,1.09397,1.09475,1070,True
2025-04-09 20:45:00,1.09473,1.09507,1.09458,1.095,548,True
2025-04-09 20:50:00,1.09501,1.09555,1.09481,1.09505,556,True
2025-04-09 20:55:00,1.09506,1.09552,1.09483,1.09498,551,True
2025-04-09 21:00:00,1.09545,1.09547,1.09545,1.09547,2,True
2025-04-09 21:05:00,1.0954,1.09542,1.09524,1.09527,19,True
2025-04-09 21:10:00,1.09531,1.09539,1.09521,1.09536,30,True
2025-04-09 21:15:00,1.09539,1.09539,1.0953,1.09531,23,True
2025-04-09 21:20:00,1.09532,1.09535,1.09528,1.0953,30,True
2025-04-09 21:25:00,1.0953,1.09548,1.0953,1.09546,27,True
2025-04-09 21:30:00,1.09545,1.09545,1.09528,1.09542,57,True
2025-04-09 21:35:00,1.09541,1.09546,1.0953,1.09543,15,True
2025-04-09 21:40:00,1.0951,1.09543,1.09508,1.0954,17,True
2025-04-09 21:45:00,1.09543,1.09545,1.09538,1.09538,23,True
2025-04-09 21:50:00,1.09539,1.09547,1.09538,1.09547,17,True
2025-04-09 21:55:00,1.09566,1.09566,1.09541,1.09548,146,True
2025-04-09 22:00:00,1.09556,1.09637,1.09518,1.09614,617,True
2025-04-09 22:05:00,1.09613,1.09618,1.09539,1.09576,576,True
2025-04-09 22:10:00,1.09576,1.09576,1.0952,1.09527,371,True
2025-04-09 22:15:00,1.09527,1.09632,1.09516,1.09606,652,True
2025-04-09 22:20:00,1.09605,1.09608,1.09506,1.09542,650,True
2025-04-09 22:25:00,1.09542,1.09634,1.09536,1.09626,656,True
2025-04-09 22:30:00,1.09626,1.09637,1.09585,1.09626,739,True
2025-04-09 22:35:00,1.09625,1.09636,1.09581,1.09624,558,True
2025-04-09 22:40:00,1.09625,1.09625,1.0954,1.09559,635,True
2025-04-09 22:45:00,1.09559,1.09637,1.0955,1.09613,592,True
2025-04-09 22:50:00,1.09609,1.09634,1.09564,1.0957,371,True
2025-04-09 22:55:00,1.09569,1.09619,1.09569,1.09618,462,True
2025-04-09 23:00:00,1.09617,1.09624,1.09537,1.0954,1080,True
2025-04-09 23:05:00,1.09539,1.09573,1.09528,1.09547,1050,True
2025-04-09 23:10:00,1.09548,1.09555,1.09496,1.095,624,True
2025-04-09 23:15:00,1.095,1.09511,1.09461,1.09491,631,True
2025-04-09 23:20:00,1.09491,1.09533,1.0947,1.09496,658,True
2025-04-09 23:25:00,1.09497,1.09558,1.0949,1.095,624,True
2025-04-09 23:30:00,1.09501,1.09527,1.09473,1.09485,693,True
2025-04-09 23:35:00,1.09485,1.09498,1.09462,1.09474,1033,True
2025-04-09 23:40:00,1.09476,1.09502,1.09473,1.09483,844,True
2025-04-09 23:45:00,1.09485,1.09508,1.09462,1.09498,606,True
2025-04-09 23:50:00,1.09499,1.09502,1.0944,1.09484,719,True
2025-04-09 23:55:00,1.09483,1.09531,1.09471,1.09518,867,True
2025-04-10 00:00:00,1.09515,1.09595,1.09513,1.09547,1639,True
2025-04-10 00:05:00,1.09545,1.09605,1.09527,1.09589,1197,True
2025-04-10 00:10:00,1.09588,1.09594,1.0954,1.0959,1137,True
2025-04-10 00:15:00,1.09589,1.0963,1.09557,1.09619,1150,True
2025-04-10 00:20:00,1.09619,1.09656,1.09594,1.09648,1547,True
2025-04-10 00:25:00,1.09648,1.09734,1.09618,1.09689,1390,True
2025-04-10 00:30:00,1.09687,1.09737,1.0968,1.09702,1461,True
2025-04-10 00:35:00,1.09697,1.09785,1.09682,1.09779,1413,True
2025-04-10 00:40:00,1.09781,1.09796,1.0974,1.09758,1792,True
2025-04-10 00:45:00,1.09758,1.09795,1.09741,1.09778,1506,True
2025-04-10 00:50:00,1.09778,1.09853,1.09767,1.09847,898,True
2025-04-10 00:55:00,1.0985,1.09877,1.09831,1.09873,890,True
2025-04-10 01:00:00,1.09874,1.09876,1.09813,1.09839,1141,True
2025-04-10 01:05:00,1.09839,1.09864,1.09798,1.09818,1004,True
2025-04-10 01:10:00,1.09817,1.09846,1.09799,1.09817,709,True
2025-04-10 01:15:00,1.09819,1.09844,1.09806,1.09829,1037,True
2025-04-10 01:20:00,1.0983,1.09885,1.09825,1.09863,1012,True
2025-04-10 01:25:00,1.09863,1.09866,1.09806,1.09846,859,True
2025-04-10 01:30:00,1.09847,1.09851,1.09806,1.09808,825,True
2025-04-10 01:35:00,1.09809,1.09833,1.09773,1.09817,913,True
2025-04-10 01:40:00,1.09816,1.09821,1.0979,1.09808,564,True
2025-04-10 01:45:00,1.09807,1.09807,1.09711,1.09711,1130,True
2025-04-10 01:50:00,1.09711,1.09757,1.09703,1.09743,803,True
2025-04-10 01:55:00,1.09741,1.09746,1.09703,1.09728,909,True
2025-04-10 02:00:00,1.09729,1.09802,1.09729,1.09763,1401,True
2025-04-10 02:05:00,1.09759,1.09767,1.09656,1.09669,1149,True
2025-04-10 02:10:00,1.09671,1.0969,1.09638,1.09639,889,True
2025-04-10 02:15:00,1.09639,1.09706,1.09634,1.09687,1046,True
2025-04-10 02:20:00,1.09687,1.09687,1.09622,1.09643,894,True
2025-04-10 02:25:00,1.09643,1.09685,1.09631,1.09683,634,True
2025-04-10 02:30:00,1.09683,1.09685,1.09656,1.09663,499,True
2025-04-10 02:35:00,1.09662,1.09664,1.09633,1.09656,458,True
2025-04-10 02:40:00,1.09657,1.09673,1.09643,1.09653,490,True
2025-04-10 02:45:00,1.09653,1.09658,1.09629,1.09648,432,True
2025-04-10 02:50:00,1.09648,1.09667,1.09647,1.09651,550,True
2025-04-10 02:55:00,1.09651,1.09738,1.0965,1.09727,673,True
2025-04-10 03:00:00,1.09727,1.09809,1.09713,1.09795,719,True
2025-04-10 03:05:00,1.09795,1.09834,1.09774,1.09819,415,True
2025-04-10 03:10:00,1.09819,1.09888,1.09813,1.09887,613,True
2025-04-10 03:15:00,1.09887,1.09903,1.09849,1.09876,948,True
2025-04-10 03:20:00,1.09876,1.09887,1.09829,1.09832,981,True
2025-04-10 03:25:00,1.09833,1.09847,1.09807,1.09826,751,True
2025-04-10 03:30:00,1.09826,1.09847,1.09813,1.09845,532,True
2025-04-10 03:35:00,1.09841,1.09877,1.09803,1.09806,768,True
2025-04-10 03:40:00,1.09803,1.09828,1.09784,1.09825,770,True
2025-04-10 03:45:00,1.09823,1.09864,1.09817,1.09846,487,True
2025-04-10 03:50:00,1.09844,1.09861,1.09817,1.09839,676,True
2025-04-10 03:55:00,1.09839,1.09861,1.09818,1.09825,517,True
2025-04-10 04:00:00,1.09826,1.09827,1.09784,1.09797,678,True
2025-04-10 04:05:00,1.09796,1.0985,1.09788,1.09841,792,True
2025-04-10 04:10:00,1.09841,1.09858,1.09819,1.09835,802,True
2025-04-10 04:15:00,1.09836,1.09848,1.09787,1.09836,632,True
2025-04-10 04:20:00,1.09836,1.09847,1.09822,1.09843,468,True
2025-04-10 04:25:00,1.09845,1.09857,1.09832,1.09841,513,True
2025-04-10 04:30:00,1.09839,1.09857,1.09828,1.09847,575,True
2025-04-10 04:35:00,1.09847,1.09858,1.09836,1.09836,448,True
2025-04-10 04:40:00,1.09833,1.09833,1.09803,1.09807,572,True
2025-04-10 04:45:00,1.09806,1.09822,1.09794,1.09798,537,True
2025-04-10 04:50:00,1.09797,1.09826,1.09796,1.09821,545,True
2025-04-10 04:55:00,1.0982,1.09859,1.09815,1.09837,560,True
2025-04-10 05:00:00,1.09837,1.09859,1.09817,1.09826,612,True
2025-04-10 05:05:00,1.09827,1.09855,1.09824,1.0984,410,True
2025-04-10 05:10:00,1.09839,1.09843,1.09785,1.09816,468,True
2025-04-10 05:15:00,1.09815,1.0984,1.09805,1.0983,388,True
2025-04-10 05:20:00,1.09834,1.09851,1.09809,1.09848,494,True
2025-04-10 05:25:00,1.0985,1.09921,1.09834,1.09921,576,True
2025-04-10 05:30:00,1.0992,1.09966,1.09909,1.09943,740,True
2025-04-10 05:35:00,1.09943,1.09966,1.09932,1.09934,494,True
2025-04-10 05:40:00,1.09933,1.09938,1.0987,1.0987,793,True
2025-04-10 05:45:00,1.09871,1.09876,1.09803,1.09825,842,True
2025-04-10 05:50:00,1.09826,1.09839,1.09796,1.09826,942,True
2025-04-10 05:55:00,1.09825,1.09878,1.0982,1.09867,841,True
2025-04-10 06:00:00,1.09865,1.099,1.09818,1.09818,1818,True
2025-04-10 06:05:00,1.09816,1.09836,1.09775,1.09793,1094,True
2025-04-10 06:10:00,1.09791,1.09793,1.09704,1.09704,1207,True
2025-04-10 06:15:00,1.09706,1.09787,1.09706,1.0976,1184,True
2025-04-10 06:20:00,1.09761,1.09807,1.09756,1.09766,978,True
2025-04-10 06:25:00,1.09764,1.09835,1.0976,1.09811,1072,True
2025-04-10 06:30:00,1.09813,1.09851,1.09756,1.09763,1149,True
2025-04-10 06:35:00,1.09763,1.09765,1.09649,1.09676,1318,True
2025-04-10 06:40:00,1.09674,1.09796,1.09646,1.0979,1605,True
2025-04-10 06:45:00,1.09788,1.09789,1.0971,1.09742,1380,True
2025-04-10 06:50:00,1.09742,1.09775,1.09645,1.09657,1433,True
2025-04-10 06:55:00,1.09657,1.09849,1.09636,1.0984,1973,True
2025-04-10 07:00:00,1.09841,1.09898,1.09704,1.09726,2818,True
2025-04-10 07:05:00,1.09724,1.09848,1.09681,1.09769,2058,True
2025-04-10 07:10:00,1.09766,1.09845,1.09732,1.09813,1954,True
2025-04-10 07:15:00,1.09813,1.0998,1.09804,1.09956,1677,True
2025-04-10 07:20:00,1.09956,1.0997,1.09801,1.09806,1944,True
2025-04-10 07:25:00,1.09806,1.09886,1.09794,1.09841,1655,True
2025-04-10 07:30:00,1.09841,1.10077,1.0979,1.10034,2862,True
2025-04-10 07:35:00,1.10033,1.10113,1.10025,1.10077,2170,True
2025-04-10 07:40:00,1.10077,1.10189,1.10072,1.10123,2210,True
2025-04-10 07:45:00,1.10124,1.10151,1.10086,1.10125,1555,True
2025-04-10 07:50:00,1.10125,1.10251,1.10125,1.10243,1721,True
2025-04-10 07:55:00,1.10244,1.10318,1.10226,1.10274,1677,True
2025-04-10 08:00:00,1.10274,1.10311,1.10209,1.10223,2092,True
2025-04-10 08:05:00,1.10223,1.10282,1.10211,1.10222,1757,True
2025-04-10 08:10:00,1.1022,1.10261,1.10171,1.1026,1296,True
2025-04-10 08:15:00,1.1026,1.10284,1.10231,1.10259,1391,True
2025-04-10 08:20:00,1.10257,1.10363,1.10229,1.10337,1526,True
2025-04-10 08:25:00,1.10337,1.10381,1.10304,1.10344,1188,True
2025-04-10 08:30:00,1.10343,1.10367,1.10257,1.10343,2071,True
2025-04-10 08:35:00,1.10343,1.10487,1.1033,1.10442,2160,True
2025-04-10 08:40:00,1.10437,1.10441,1.10296,1.10297,1623,True
2025-04-10 08:45:00,1.10297,1.10488,1.10274,1.10468,1677,True
2025-04-10 08:50:00,1.10468,1.10487,1.10393,1.10394,1548,True
2025-04-10 08:55:00,1.10395,1.10423,1.10356,1.10387,1623,True
2025-04-10 09:00:00,1.10387,1.10402,1.10345,1.10391,1485,True
2025-04-10 09:05:00,1.10389,1.10484,1.10388,1.10418,1619,True
2025-04-10 09:10:00,1.10416,1.10444,1.10376,1.10392,1446,True
2025-04-10 09:15:00,1.10391,1.10498,1.10372,1.10489,1488,True
2025-04-10 09:20:00,1.10487,1.105,1.10415,1.10438,1391,True
2025-04-10 09:25:00,1.10439,1.10465,1.10408,1.10446,1192,True
2025-04-10 09:30:00,1.10445,1.10476,1.10407,1.10407,1286,True
2025-04-10 09:35:00,1.10407,1.10449,1.10386,1.10424,1188,True
2025-04-10 09:40:00,1.10424,1.10498,1.10421,1.10438,1357,True
2025-04-10 09:45:00,1.1044,1.10495,1.10432,1.1046,1194,True
2025-04-10 09:50:00,1.1046,1.10499,1.10447,1.10497,1024,True
2025-04-10 09:55:00,1.10497,1.1061,1.1045,1.10601,1332,True
2025-04-10 10:00:00,1.10601,1.10707,1.10596,1.10693,1795,True
2025-04-10 10:05:00,1.10693,1.10703,1.10611,1.10621,1464,True
2025-04-10 10:10:00,1.10621,1.10721,1.10598,1.10695,1469,True
2025-04-10 10:15:00,1.10695,1.10695,1.10628,1.10653,1014,True
2025-04-10 10:20:00,1.10655,1.10709,1.10633,1.10634,1334,True
2025-04-10 10:25:00,1.10635,1.10674,1.10564,1.10564,1435,True
2025-04-10 10:30:00,1.10562,1.10666,1.10556,1.10665,1519,True
2025-04-10 10:35:00,1.10666,1.10803,1.10655,1.1079,1695,True
2025-04-10 10:40:00,1.10791,1.10819,1.10703,1.1072,1558,True
2025-04-10 10:45:00,1.10724,1.10747,1.10635,1.10643,1103,True
2025-04-10 10:50:00,1.10642,1.10671,1.10611,1.10637,1210,True
2025-04-10 10:55:00,1.10635,1.10807,1.10632,1.10806,1265,True
2025-04-10 11:00:00,1.10803,1.10851,1.10786,1.10845,1393,True
2025-04-10 11:05:00,1.10845,1.10896,1.10801,1.10843,1407,True
2025-04-10 11:10:00,1.10843,1.10892,1.1079,1.10798,1345,True
2025-04-10 11:15:00,1.10798,1.10822,1.10731,1.10742,1240,True
2025-04-10 11:20:00,1.10742,1.10779,1.10724,1.10733,1319,True
2025-04-10 11:25:00,1.10733,1.10801,1.10713,1.10758,1433,True
2025-04-10 11:30:00,1.10757,1.10847,1.10747,1.10761,1790,True
2025-04-10 11:35:00,1.10761,1.10813,1.1074,1.10754,1241,True
2025-04-10 11:40:00,1.10755,1.10786,1.10726,1.10754,1270,True
2025-04-10 11:45:00,1.10754,1.1077,1.10693,1.10724,1329,True
2025-04-10 11:50:00,1.10724,1.10736,1.1068,1.10732,1415,True
2025-04-10 11:55:00,1.10733,1.10758,1.10703,1.10711,1229,True
2025-04-10 12:00:00,1.10709,1.10776,1.10688,1.10763,1667,True
2025-04-10 12:05:00,1.10762,1.10843,1.10757,1.10831,1180,True
2025-04-10 12:10:00,1.10829,1.10934,1.10802,1.1092,1427,True
2025-04-10 12:15:00,1.10921,1.10998,1.10894,1.1099,1443,True
2025-04-10 12:20:00,1.1099,1.11016,1.10942,1.11011,1359,True
2025-04-10 12:25:00,1.11012,1.11085,1.10973,1.11044,1955,True
2025-04-10 12:30:00,1.11051,1.11321,1.11026,1.11248,5308,True
2025-04-10 12:35:00,1.11248,1.11328,1.11192,1.11264,3435,True
2025-04-10 12:40:00,1.11259,1.11261,1.11113,1.11128,3442,True
2025-04-10 12:45:00,1.1113,1.11191,1.11057,1.11141,2795,True
2025-04-10 12:50:00,1.11142,1.11205,1.11096,1.11106,2144,True
2025-04-10 12:55:00,1.11104,1.11104,1.1097,1.10981,2153,True
2025-04-10 13:00:00,1.10982,1.11003,1.10918,1.10991,2750,True
2025-04-10 13:05:00,1.10992,1.111,1.1096,1.111,2017,True
2025-04-10 13:10:00,1.11099,1.11127,1.11024,1.11113,1812,True
2025-04-10 13:15:00,1.11114,1.11213,1.11089,1.11203,1750,True
2025-04-10 13:20:00,1.11203,1.11236,1.11167,1.11195,1528,True
2025-04-10 13:25:00,1.11193,1.11225,1.11174,1.11187,1371,True
2025-04-10 13:30:00,1.11185,1.11211,1.11115,1.11124,2444,True
2025-04-10 13:35:00,1.11124,1.11204,1.11115,1.11198,1804,True
2025-04-10 13:40:00,1.11196,1.11297,1.11174,1.11273,1816,True
2025-04-10 13:45:00,1.11272,1.11305,1.11243,1.113,1356,True
2025-04-10 13:50:00,1.11299,1.11348,1.11267,1.11313,2035,True
2025-04-10 13:55:00,1.11314,1.11352,1.11266,1.11278,1731,True
2025-04-10 14:00:00,1.11277,1.11391,1.11253,1.11356,2253,True
2025-04-10 14:05:00,1.11355,1.11363,1.11258,1.11346,2281,True
2025-04-10 14:10:00,1.11342,1.11366,1.11288,1.11295,1905,True
2025-04-10 14:15:00,1.11292,1.11402,1.11287,1.11384,1645,True
2025-04-10 14:20:00,1.11386,1.11446,1.11368,1.11418,1805,True
2025-04-10 14:25:00,1.11418,1.11419,1.11254,1.11364,1925,True
2025-04-10 14:30:00,1.11366,1.11436,1.11323,1.11428,2087,True
2025-04-10 14:35:00,1.11429,1.11497,1.11389,1.11477,1918,True
2025-04-10 14:40:00,1.11476,1.11494,1.1138,1.11421,1852,True
2025-04-10 14:45:00,1.11422,1.11474,1.1137,1.11452,1817,True
2025-04-10 14:50:00,1.11451,1.11652,1.11424,1.11628,2646,True
2025-04-10 14:55:00,1.11628,1.11872,1.1161,1.11864,3561,True
2025-04-10 15:00:00,1.11863,1.11863,1.11651,1.11685,3356,True
2025-04-10 15:05:00,1.11683,1.11758,1.1162,1.11635,2416,True
2025-04-10 15:10:00,1.11632,1.11669,1.11573,1.11574,2240,True
2025-04-10 15:15:00,1.11575,1.11711,1.11545,1.11703,2034,True
2025-04-10 15:20:00,1.11704,1.1186,1.11672,1.11848,2024,True
2025-04-10 15:25:00,1.11849,1.11898,1.11799,1.11896,2357,True
2025-04-10 15:30:00,1.11899,1.11966,1.11842,1.11958,2391,True
2025-04-10 15:35:00,1.11959,1.12084,1.1194,1.12077,2261,True
2025-04-10 15:40:00,1.12078,1.12298,1.11988,1.12121,5347,True
2025-04-10 15:45:00,1.12118,1.12286,1.12107,1.12208,3218,True
2025-04-10 15:50:00,1.12207,1.12216,1.12024,1.12039,3266,True
2025-04-10 15:55:00,1.1204,1.12058,1.11902,1.11917,3450,True
2025-04-10 16:00:00,1.11914,1.11914,1.11789,1.11893,3396,True
2025-04-10 16:05:00,1.11894,1.11962,1.11795,1.11803,2485,True
2025-04-10 16:10:00,1.11803,1.11905,1.11784,1.119,2369,True
2025-04-10 16:15:00,1.11899,1.11995,1.11892,1.11993,2093,True
2025-04-10 16:20:00,1.11993,1.1211,1.11987,1.12008,2556,True
2025-04-10 16:25:00,1.12009,1.12009,1.11933,1.11958,2209,True
2025-04-10 16:30:00,1.11959,1.11979,1.11785,1.11844,2603,True
2025-04-10 16:35:00,1.11844,1.11912,1.11806,1.11907,1741,True
2025-04-10 16:40:00,1.11908,1.11968,1.11883,1.11894,1759,True
2025-04-10 16:45:00,1.11893,1.11982,1.11855,1.1195,1864,True
2025-04-10 16:50:00,1.11954,1.12033,1.11923,1.12007,2330,True
2025-04-10 16:55:00,1.12005,1.12047,1.11952,1.11977,1508,True
2025-04-10 17:00:00,1.11978,1.11978,1.11797,1.11846,3003,True
2025-04-10 17:05:00,1.11848,1.11867,1.11748,1.11762,2490,True
2025-04-10 17:10:00,1.11764,1.11916,1.11763,1.11898,1931,True
2025-04-10 17:15:00,1.11897,1.11915,1.11847,1.11863,1713,True
2025-04-10 17:20:00,1.11862,1.1191,1.11801,1.11877,1734,True
2025-04-10 17:25:00,1.11875,1.119,1.11758,1.11797,1643,True
2025-04-10 17:30:00,1.11796,1.11923,1.11784,1.11919,1290,True
2025-04-10 17:35:00,1.11919,1.12007,1.11906,1.11988,1450,True
2025-04-10 17:40:00,1.11987,1.12119,1.11984,1.12072,1559,True
2025-04-10 17:45:00,1.12072,1.12096,1.12016,1.12047,1966,True
2025-04-10 17:50:00,1.12047,1.12077,1.12011,1.12053,1487,True
2025-04-10 17:55:00,1.12054,1.12108,1.11997,1.12107,1009,True
2025-04-10 18:00:00,1.12111,1.12176,1.12039,1.12056,1896,True
2025-04-10 18:05:00,1.12057,1.12127,1.12021,1.12125,1658,True
2025-04-10 18:10:00,1.12127,1.12176,1.12127,1.12169,1395,True
2025-04-10 18:15:00,1.12168,1.12299,1.12159,1.12285,1842,True
2025-04-10 18:20:00,1.12285,1.12403,1.12226,1.124,2017,True
2025-04-10 18:25:00,1.12402,1.12403,1.12339,1.12379,1373,True
2025-04-10 18:30:00,1.1238,1.12425,1.12359,1.12359,1566,True
2025-04-10 18:35:00,1.12356,1.12423,1.12353,1.12418,1060,True
2025-04-10 18:40:00,1.12417,1.12427,1.1237,1.12371,1092,True
2025-04-10 18:45:00,1.1237,1.12385,1.12248,1.12264,1489,True
2025-04-10 18:50:00,1.12264,1.1232,1.12098,1.12148,1856,True
2025-04-10 18:55:00,1.12148,1.12186,1.12122,1.12164,1552,True
2025-04-10 19:00:00,1.12162,1.12206,1.12062,1.1208,1385,True
2025-04-10 19:05:00,1.1208,1.12085,1.11897,1.11922,1664,True
2025-04-10 19:10:00,1.11922,1.11983,1.11807,1.11874,2028,True
2025-04-10 19:15:00,1.11876,1.11886,1.11728,1.11766,1544,True
2025-04-10 19:20:00,1.11765,1.1177,1.11643,1.11648,2021,True
2025-04-10 19:25:00,1.11643,1.11725,1.11595,1.1162,1918,True
2025-04-10 19:30:00,1.11621,1.11718,1.11621,1.11696,1758,True
2025-04-10 19:35:00,1.11699,1.11729,1.11671,1.11678,1033,True
2025-04-10 19:40:00,1.11678,1.11796,1.11626,1.11761,1699,True
2025-04-10 19:45:00,1.11762,1.11828,1.11663,1.11749,1723,True
2025-04-10 19:50:00,1.11748,1.11879,1.11745,1.11879,1500,True
2025-04-10 19:55:00,1.11875,1.12093,1.11861,1.12065,1760,True
2025-04-10 20:00:00,1.12066,1.12067,1.11931,1.11977,1680,True
2025-04-10 20:05:00,1.11977,1.1202,1.11957,1.11998,633,True
2025-04-10 20:10:00,1.11997,1.12022,1.1195,1.11965,557,True
2025-04-10 20:15:00,1.11964,1.11971,1.11938,1.11945,539,True
2025-04-10 20:20:00,1.11944,1.11958,1.11895,1.11895,523,True
2025-04-10 20:25:00,1.11896,1.11901,1.11834,1.11854,415,True
2025-04-10 20:30:00,1.11856,1.1191,1.11839,1.11857,541,True
2025-04-10 20:35:00,1.11856,1.11863,1.1183,1.1183,348,True
2025-04-10 20:40:00,1.11828,1.11884,1.11822,1.11881,339,True
2025-04-10 20:45:00,1.1188,1.11943,1.11875,1.11942,526,True
2025-04-10 20:50:00,1.11941,1.12031,1.11941,1.12028,890,True
2025-04-10 20:55:00,1.12026,1.12052,1.11989,1.12029,915,True
2025-04-10 21:00:00,1.11997,1.11997,1.11997,1.11997,1,True
2025-04-10 21:05:00,1.11992,1.12045,1.11964,1.12017,11,True
2025-04-10 21:10:00,1.12011,1.12018,1.11988,1.12004,18,True
2025-04-10 21:15:00,1.12004,1.12004,1.12004,1.12004,35,True
2025-04-10 21:20:00,1.11996,1.12008,1.11996,1.11996,37,True
2025-04-10 21:25:00,1.11996,1.12007,1.11963,1.1198,35,True
2025-04-10 21:30:00,1.11985,1.12,1.11929,1.11982,37,True
2025-04-10 21:35:00,1.1198,1.12007,1.11979,1.12002,160,True
2025-04-10 21:40:00,1.12001,1.12001,1.11987,1.11996,51,True
2025-04-10 21:45:00,1.11996,1.11996,1.11991,1.11991,43,True
2025-04-10 21:50:00,1.11991,1.11997,1.11984,1.11984,88,True
2025-04-10 21:55:00,1.11984,1.12005,1.11977,1.12005,99,True
2025-04-10 22:00:00,1.12,1.12093,1.11985,1.12044,735,True
2025-04-10 22:05:00,1.12051,1.12127,1.12026,1.12126,397,True
2025-04-10 22:10:00,1.12127,1.12175,1.1212,1.12172,266,True
2025-04-10 22:15:00,1.12172,1.12201,1.12158,1.12161,469,True
2025-04-10 22:20:00,1.12159,1.12233,1.12137,1.12211,433,True
2025-04-10 22:25:00,1.12209,1.12222,1.12096,1.12097,714,True
2025-04-10 22:30:00,1.12095,1.12154,1.12073,1.12121,895,True
2025-04-10 22:35:00,1.12121,1.12169,1.12081,1.1216,635,True
2025-04-10 22:40:00,1.12162,1.1224,1.12158,1.12184,562,True
2025-04-10 22:45:00,1.12186,1.1229,1.12156,1.12216,967,True
2025-04-10 22:50:00,1.12215,1.12361,1.12214,1.12323,652,True
2025-04-10 22:55:00,1.12321,1.12359,1.12234,1.12354,705,True
2025-04-10 23:00:00,1.12357,1.12448,1.12196,1.12198,2425,True
2025-04-10 23:05:00,1.12195,1.12242,1.12166,1.12175,1092,True
2025-04-10 23:10:00,1.12174,1.12247,1.12143,1.12223,1195,True
2025-04-10 23:15:00,1.12223,1.12233,1.1216,1.12182,1136,True
2025-04-10 23:20:00,1.12181,1.1224,1.12157,1.12204,1230,True
2025-04-10 23:25:00,1.12206,1.123,1.12202,1.12297,1204,True
2025-04-10 23:30:00,1.12298,1.12347,1.12246,1.12346,1832,True
2025-04-10 23:35:00,1.12345,1.12432,1.12324,1.12384,1659,True
2025-04-10 23:40:00,1.12383,1.12459,1.12252,1.12264,2027,True
2025-04-10 23:45:00,1.12265,1.12385,1.12262,1.12381,1638,True
2025-04-10 23:50:00,1.1238,1.12631,1.12362,1.12629,2232,True
2025-04-10 23:55:00,1.12628,1.12634,1.12503,1.12584,2072,True
2025-04-11 00:00:00,1.12582,1.12699,1.12551,1.12651,3301,True
2025-04-11 00:05:00,1.1265,1.12694,1.12581,1.12636,2276,True
2025-04-11 00:10:00,1.12636,1.12687,1.12574,1.12594,2035,True
2025-04-11 00:15:00,1.12595,1.12617,1.12522,1.12604,1921,True
2025-04-11 00:20:00,1.12607,1.12838,1.12604,1.12805,2790,True
2025-04-11 00:25:00,1.12801,1.12816,1.12673,1.12763,2899,True
2025-04-11 00:30:00,1.12763,1.13871,1.12748,1.13348,7255,True
2025-04-11 00:35:00,1.13352,1.13515,1.1329,1.13476,4827,True
2025-04-11 00:40:00,1.13479,1.13673,1.13089,1.13151,5987,True
2025-04-11 00:45:00,1.13151,1.13272,1.13046,1.1308,4449,True
2025-04-11 00:50:00,1.1308,1.13233,1.13048,1.13107,4038,True
2025-04-11 00:55:00,1.13106,1.1314,1.12972,1.13111,3071,True
2025-04-11 01:00:00,1.13111,1.13118,1.12918,1.12973,3539,True
2025-04-11 01:05:00,1.12976,1.13009,1.12763,1.12825,3127,True
2025-04-11 01:10:00,1.12825,1.12932,1.12814,1.12915,3330,True
2025-04-11 01:15:00,1.12913,1.12952,1.12774,1.12859,3260,True
2025-04-11 01:20:00,1.12858,1.13128,1.12824,1.13119,2782,True
2025-04-11 01:25:00,1.13118,1.13163,1.1306,1.13128,2821,True
2025-04-11 01:30:00,1.1313,1.13176,1.12986,1.13175,3300,True
2025-04-11 01:35:00,1.13176,1.13178,1.12947,1.12978,2498,True
2025-04-11 01:40:00,1.12978,1.13238,1.1295,1.13049,3377,True
2025-04-11 01:45:00,1.13049,1.13049,1.12861,1.12913,3342,True
2025-04-11 01:50:00,1.12914,1.13002,1.12861,1.12988,2287,True
2025-04-11 01:55:00,1.12986,1.13093,1.12983,1.13067,2600,True
2025-04-11 02:00:00,1.13066,1.13229,1.13063,1.13178,2866,True
2025-04-11 02:05:00,1.13177,1.13238,1.13074,1.13197,2407,True
2025-04-11 02:10:00,1.13196,1.1324,1.13116,1.132,2130,True
2025-04-11 02:15:00,1.13202,1.1324,1.13119,1.13219,1629,True
2025-04-11 02:20:00,1.13218,1.13232,1.13068,1.13119,1905,True
2025-04-11 02:25:00,1.1312,1.13236,1.13106,1.13109,1846,True
2025-04-11 02:30:00,1.13109,1.13136,1.13053,1.13064,1812,True
2025-04-11 02:35:00,1.13063,1.13087,1.12991,1.13006,1457,True
2025-04-11 02:40:00,1.13007,1.13074,1.12992,1.13025,1589,True
2025-04-11 02:45:00,1.13026,1.1308,1.12963,1.12976,1418,True
2025-04-11 02:50:00,1.12977,1.13088,1.12962,1.12996,1658,True
2025-04-11 02:55:00,1.12995,1.13054,1.12962,1.13037,1692,True
2025-04-11 03:00:00,1.13037,1.13103,1.13029,1.13101,1260,True
2025-04-11 03:05:00,1.13102,1.13165,1.13082,1.13089,1202,True
2025-04-11 03:10:00,1.13087,1.13164,1.13085,1.13164,1368,True
2025-04-11 03:15:00,1.13165,1.13257,1.13165,1.13252,1338,True
2025-04-11 03:20:00,1.13254,1.13259,1.13224,1.1325,1105,True
2025-04-11 03:25:00,1.13249,1.13326,1.13249,1.13307,1332,True
2025-04-11 03:30:00,1.13307,1.13408,1.13289,1.13399,1490,True
2025-04-11 03:35:00,1.13398,1.13457,1.13371,1.13438,1483,True
2025-04-11 03:40:00,1.13437,1.13541,1.13386,1.13457,1751,True
2025-04-11 03:45:00,1.1346,1.13537,1.13395,1.13454,1761,True
2025-04-11 03:50:00,1.13455,1.13553,1.13441,1.13506,1461,True
2025-04-11 03:55:00,1.13506,1.13506,1.13386,1.13418,1177,True
2025-04-11 04:00:00,1.13419,1.13423,1.13325,1.13355,1134,True
2025-04-11 04:05:00,1.13355,1.13368,1.13264,1.13277,977,True
2025-04-11 04:10:00,1.13277,1.1333,1.13259,1.13262,1038,True
2025-04-11 04:15:00,1.13262,1.13279,1.1318,1.13196,1155,True
2025-04-11 04:20:00,1.13195,1.13195,1.13111,1.13154,1124,True
2025-04-11 04:25:00,1.13151,1.13196,1.13146,1.13158,867,True
2025-04-11 04:30:00,1.13159,1.13183,1.13129,1.1317,763,True
2025-04-11 04:35:00,1.13169,1.13227,1.13157,1.13173,914,True
2025-04-11 04:40:00,1.13171,1.13213,1.13133,1.13157,910,True
2025-04-11 04:45:00,1.13157,1.13247,1.13119,1.13238,787,True
2025-04-11 04:50:00,1.13236,1.13268,1.13211,1.13229,1109,True
2025-04-11 04:55:00,1.13229,1.13261,1.13207,1.13235,1276,True
2025-04-11 05:00:00,1.13234,1.13246,1.13028,1.13046,1649,True
2025-04-11 05:05:00,1.13047,1.13057,1.13001,1.13013,1170,True
2025-04-11 05:10:00,1.13013,1.13068,1.13004,1.13048,1317,True
2025-04-11 05:15:00,1.13046,1.13093,1.13018,1.13024,1079,True
2025-04-11 05:20:00,1.13024,1.13066,1.13006,1.13047,1146,True
2025-04-11 05:25:00,1.13048,1.13062,1.13004,1.13011,793,True
2025-04-11 05:30:00,1.1301,1.13013,1.12976,1.12978,653,True
2025-04-11 05:35:00,1.12979,1.13019,1.12804,1.12805,1367,True
2025-04-11 05:40:00,1.12802,1.12834,1.12718,1.12761,1744,True
2025-04-11 05:45:00,1.12761,1.12834,1.12719,1.12786,1298,True
2025-04-11 05:50:00,1.12783,1.12864,1.12772,1.12859,1323,True
2025-04-11 05:55:00,1.12856,1.12871,1.12784,1.12871,1864,True
2025-04-11 06:00:00,1.12867,1.12919,1.12617,1.1267,2842,True
2025-04-11 06:05:00,1.12672,1.12694,1.12563,1.12592,2733,True
2025-04-11 06:10:00,1.12592,1.12692,1.12582,1.12626,2462,True
2025-04-11 06:15:00,1.12626,1.12707,1.12568,1.12594,2480,True
2025-04-11 06:20:00,1.12595,1.12717,1.12575,1.12626,1964,True
2025-04-11 06:25:00,1.12626,1.12653,1.12532,1.12619,2329,True
2025-04-11 06:30:00,1.12617,1.12702,1.12596,1.12689,1862,True
2025-04-11 06:35:00,1.1269,1.12702,1.12509,1.12537,1903,True
2025-04-11 06:40:00,1.12538,1.12666,1.12472,1.12651,2361,True
2025-04-11 06:45:00,1.12649,1.12758,1.12569,1.12713,2378,True
2025-04-11 06:50:00,1.12712,1.12833,1.12706,1.12813,2081,True
2025-04-11 06:55:00,1.12814,1.12896,1.12778,1.12879,1992,True
2025-04-11 07:00:00,1.12877,1.13177,1.12848,1.1314,3167,True
2025-04-11 07:05:00,1.13141,1.13425,1.13141,1.13253,4323,True
2025-04-11 07:10:00,1.13252,1.1339,1.13226,1.13355,3250,True
2025-04-11 07:15:00,1.13353,1.13377,1.13161,1.13189,3238,True
2025-04-11 07:20:00,1.13189,1.13425,1.13168,1.13352,3091,True
2025-04-11 07:25:00,1.13352,1.13552,1.13333,1.13433,2922,True
2025-04-11 07:30:00,1.1343,1.13643,1.13369,1.13595,3189,True
2025-04-11 07:35:00,1.13595,1.1364,1.135,1.13585,2984,True
2025-04-11 07:40:00,1.13584,1.13586,1.13377,1.13498,2678,True
2025-04-11 07:45:00,1.13494,1.135,1.13323,1.13473,2328,True
2025-04-11 07:50:00,1.13473,1.13605,1.13431,1.13587,2655,True
2025-04-11 07:55:00,1.13585,1.13705,1.13573,1.13651,2985,True
2025-04-11 08:00:00,1.13645,1.14196,1.13561,1.13764,6417,True
2025-04-11 08:05:00,1.1376,1.13837,1.13543,1.13548,4654,True
2025-04-11 08:10:00,1.13547,1.13752,1.13501,1.13711,3704,True
2025-04-11 08:15:00,1.13711,1.13859,1.13654,1.13799,3592,True
2025-04-11 08:20:00,1.13798,1.13864,1.13676,1.13749,3230,True
2025-04-11 08:25:00,1.13747,1.13924,1.13717,1.13833,2649,True
2025-04-11 08:30:00,1.13836,1.14181,1.13775,1.14107,3612,True
2025-04-11 08:35:00,1.14106,1.14254,1.13991,1.14045,4428,True
2025-04-11 08:40:00,1.14044,1.14426,1.14027,1.14263,3673,True
2025-04-11 08:45:00,1.14262,1.14497,1.14244,1.14446,3620,True
2025-04-11 08:50:00,1.14448,1.14747,1.14356,1.14395,5348,True
2025-04-11 08:55:00,1.14396,1.14558,1.14264,1.14281,3577,True
2025-04-11 09:00:00,1.1428,1.14281,1.14061,1.14096,3337,True
2025-04-11 09:05:00,1.14094,1.14179,1.13895,1.1397,3406,True
2025-04-11 09:10:00,1.1397,1.1405,1.13858,1.14007,2867,True
2025-04-11 09:15:00,1.14005,1.14225,1.13963,1.14131,2665,True
2025-04-11 09:20:00,1.1413,1.14195,1.14027,1.14143,2419,True
2025-04-11 09:25:00,1.14143,1.14175,1.1397,1.13971,2429,True
2025-04-11 09:30:00,1.13977,1.14013,1.13868,1.13985,2478,True
2025-04-11 09:35:00,1.13985,1.14108,1.13908,1.14106,2385,True
2025-04-11 09:40:00,1.14105,1.14142,1.14039,1.14101,1950,True
2025-04-11 09:45:00,1.141,1.14171,1.14053,1.14133,2340,True
2025-04-11 09:50:00,1.14132,1.14177,1.14005,1.14035,2783,True
2025-04-11 09:55:00,1.14034,1.14048,1.13856,1.13865,2498,True
2025-04-11 10:00:00,1.13864,1.13864,1.1356,1.13588,4355,True
2025-04-11 10:05:00,1.13588,1.13768,1.13579,1.13761,2208,True
2025-04-11 10:10:00,1.13761,1.13805,1.1369,1.13722,2250,True
2025-04-11 10:15:00,1.13722,1.13846,1.13677,1.13837,2051,True
2025-04-11 10:20:00,1.13835,1.13854,1.13675,1.13681,2154,True
2025-04-11 10:25:00,1.13683,1.13683,1.13567,1.13618,2238,True
2025-04-11 10:30:00,1.13619,1.13691,1.13534,1.13565,1837,True
2025-04-11 10:35:00,1.13565,1.13589,1.13437,1.13477,2321,True
2025-04-11 10:40:00,1.13477,1.13483,1.13306,1.13347,3038,True
2025-04-11 10:45:00,1.13348,1.13492,1.13327,1.13373,2451,True
2025-04-11 10:50:00,1.13374,1.13469,1.13297,1.13325,2583,True
2025-04-11 10:55:00,1.13327,1.13416,1.13211,1.13377,3002,True
2025-04-11 11:00:00,1.13375,1.13513,1.13333,1.13503,2339,True
2025-04-11 11:05:00,1.13501,1.13613,1.13494,1.13597,1728,True
2025-04-11 11:10:00,1.13597,1.13618,1.13447,1.13461,2077,True
2025-04-11 11:15:00,1.13461,1.13492,1.13244,1.13405,2049,True
2025-04-11 11:20:00,1.13405,1.13671,1.13405,1.13671,1848,True
2025-04-11 11:25:00,1.1367,1.13725,1.13591,1.13624,2350,True
2025-04-11 11:30:00,1.13624,1.13665,1.13558,1.13628,2068,True
2025-04-11 11:35:00,1.13629,1.13647,1.13448,1.13452,1884,True
2025-04-11 11:40:00,1.13453,1.13519,1.13356,1.13375,2092,True
2025-04-11 11:45:00,1.13374,1.13469,1.13297,1.13421,1950,True
2025-04-11 11:50:00,1.13421,1.13537,1.13417,1.13531,1953,True
2025-04-11 11:55:00,1.1353,1.1353,1.13249,1.13297,2991,True
2025-04-11 12:00:00,1.13296,1.13444,1.13254,1.13424,2950,True
2025-04-11 12:05:00,1.13425,1.13538,1.134,1.13457,2085,True
2025-04-11 12:10:00,1.13458,1.13603,1.1343,1.13528,2354,True
2025-04-11 12:15:00,1.13526,1.13718,1.13516,1.13609,2548,True
2025-04-11 12:20:00,1.13609,1.13609,1.13421,1.13451,2336,True
2025-04-11 12:25:00,1.13448,1.13573,1.13446,1.13517,2403,True
2025-04-11 12:30:00,1.1351,1.13666,1.13462,1.13557,4421,True
2025-04-11 12:35:00,1.13558,1.13584,1.13398,1.13537,2861,True
2025-04-11 12:40:00,1.13539,1.13589,1.13468,1.13571,2574,True
2025-04-11 12:45:00,1.1357,1.13767,1.13495,1.13757,2723,True
2025-04-11 12:50:00,1.13756,1.13956,1.13742,1.13952,3252,True
2025-04-11 12:55:00,1.1395,1.13996,1.1389,1.13964,2814,True
2025-04-11 13:00:00,1.13963,1.14056,1.13849,1.13895,3097,True
2025-04-11 13:05:00,1.13895,1.14077,1.13851,1.14065,2832,True
2025-04-11 13:10:00,1.14065,1.14132,1.14004,1.14022,3429,True
2025-04-11 13:15:00,1.14021,1.14126,1.14009,1.14106,2412,True
2025-04-11 13:20:00,1.14106,1.14131,1.13913,1.13947,2654,True
2025-04-11 13:25:00,1.1395,1.14009,1.13909,1.13992,2627,True
2025-04-11 13:30:00,1.13989,1.14072,1.13942,1.1399,2879,True
2025-04-11 13:35:00,1.13988,1.13989,1.1326,1.13454,4741,True
2025-04-11 13:40:00,1.13456,1.13829,1.13447,1.13824,5596,True
2025-04-11 13:45:00,1.13824,1.13848,1.13248,1.13356,5792,True
2025-04-11 13:50:00,1.13355,1.13512,1.13313,1.13317,5147,True
2025-04-11 13:55:00,1.13316,1.13648,1.13285,1.1363,5086,True
2025-04-11 14:00:00,1.13629,1.1372,1.13504,1.137,5672,True
2025-04-11 14:05:00,1.137,1.13783,1.13628,1.13717,4093,True
2025-04-11 14:10:00,1.1372,1.13821,1.13641,1.13789,3862,True
2025-04-11 14:15:00,1.13786,1.13829,1.13728,1.13758,3580,True
2025-04-11 14:20:00,1.13755,1.1382,1.1367,1.1374,4042,True
2025-04-11 14:25:00,1.13741,1.1382,1.13714,1.13732,3326,True
2025-04-11 14:30:00,1.13734,1.13764,1.13451,1.13471,3476,True
2025-04-11 14:35:00,1.1347,1.13609,1.13435,1.13558,2664,True
2025-04-11 14:40:00,1.13559,1.13698,1.13487,1.13534,2804,True
2025-04-11 14:45:00,1.13534,1.13585,1.13415,1.13431,2618,True
2025-04-11 14:50:00,1.13429,1.13443,1.13281,1.13407,3589,True
2025-04-11 14:55:00,1.13407,1.13464,1.13327,1.1341,3692,True
2025-04-11 15:00:00,1.13411,1.13457,1.1332,1.13359,4431,True
2025-04-11 15:05:00,1.13359,1.13381,1.13265,1.13284,2723,True
2025-04-11 15:10:00,1.13282,1.13347,1.13263,1.13288,2767,True
2025-04-11 15:15:00,1.1329,1.13307,1.13131,1.13258,3063,True
2025-04-11 15:20:00,1.13261,1.13332,1.13247,1.13248,2213,True
2025-04-11 15:25:00,1.13249,1.13387,1.13163,1.13312,1820,True
2025-04-11 15:30:00,1.13313,1.13473,1.13294,1.13471,1572,True
2025-04-11 15:35:00,1.13474,1.13509,1.13316,1.13325,1947,True
2025-04-11 15:40:00,1.13324,1.13403,1.1328,1.13387,1699,True
2025-04-11 15:45:00,1.13387,1.13469,1.13369,1.13415,1360,True
2025-04-11 15:50:00,1.13417,1.13507,1.13413,1.13429,1411,True
2025-04-11 15:55:00,1.13431,1.13474,1.13239,1.13256,2107,True
2025-04-11 16:00:00,1.13254,1.1328,1.13116,1.13186,2570,True
2025-04-11 16:05:00,1.13188,1.13255,1.13134,1.13138,1965,True
2025-04-11 16:10:00,1.1314,1.13247,1.1314,1.1315,1946,True
2025-04-11 16:15:00,1.1315,1.1316,1.12935,1.12935,2107,True
2025-04-11 16:20:00,1.12934,1.12954,1.12821,1.12847,2606,True
2025-04-11 16:25:00,1.12849,1.12917,1.12775,1.12909,2666,True
2025-04-11 16:30:00,1.12907,1.12957,1.12901,1.12911,1624,True
2025-04-11 16:35:00,1.12912,1.12921,1.12798,1.12909,1956,True
2025-04-11 16:40:00,1.12909,1.12982,1.1289,1.12959,1417,True
2025-04-11 16:45:00,1.12959,1.13054,1.12954,1.1302,1213,True
2025-04-11 16:50:00,1.1302,1.13074,1.12982,1.13056,1149,True
2025-04-11 16:55:00,1.13053,1.1308,1.12999,1.1307,1313,True
2025-04-11 17:00:00,1.13066,1.13128,1.13035,1.13109,1463,True
2025-04-11 17:05:00,1.13109,1.13171,1.13096,1.1316,1281,True
2025-04-11 17:10:00,1.13161,1.13178,1.13123,1.13153,1143,True
2025-04-11 17:15:00,1.13154,1.13183,1.13108,1.13118,897,True
2025-04-11 17:20:00,1.13117,1.13139,1.13063,1.13129,1160,True
2025-04-11 17:25:00,1.13128,1.1315,1.13087,1.1312,746,True
2025-04-11 17:30:00,1.13118,1.13125,1.13048,1.131,1234,True
2025-04-11 17:35:00,1.131,1.13272,1.13085,1.13271,1554,True
2025-04-11 17:40:00,1.13273,1.13281,1.13126,1.13167,2546,True
2025-04-11 17:45:00,1.13167,1.13203,1.13049,1.13064,1456,True
2025-04-11 17:50:00,1.13065,1.13157,1.13058,1.13098,1227,True
2025-04-11 17:55:00,1.131,1.13104,1.12831,1.12864,1832,True
2025-04-11 18:00:00,1.12862,1.13005,1.12852,1.13002,1932,True
2025-04-11 18:05:00,1.13001,1.13017,1.1296,1.12976,1642,True
2025-04-11 18:10:00,1.12978,1.13052,1.12949,1.12975,1370,True
2025-04-11 18:15:00,1.12975,1.13057,1.1294,1.13056,1083,True
2025-04-11 18:20:00,1.13056,1.13128,1.13028,1.13098,1457,True
2025-04-11 18:25:00,1.13097,1.1315,1.13063,1.13116,1148,True
2025-04-11 18:30:00,1.13115,1.13206,1.13113,1.13199,1108,True
2025-04-11 18:35:00,1.13198,1.13224,1.13045,1.13066,1252,True
2025-04-11 18:40:00,1.13065,1.13097,1.12979,1.13096,1506,True
2025-04-11 18:45:00,1.1309,1.13131,1.13047,1.1313,1003,True
2025-04-11 18:50:00,1.13131,1.13137,1.1304,1.13072,1264,True
2025-04-11 18:55:00,1.13073,1.13167,1.13055,1.13134,1257,True
2025-04-11 19:00:00,1.13135,1.13206,1.13102,1.13196,1054,True
2025-04-11 19:05:00,1.13197,1.13274,1.1319,1.13253,991,True
2025-04-11 19:10:00,1.13254,1.13263,1.13182,1.13213,928,True
2025-04-11 19:15:00,1.13214,1.13323,1.13193,1.13306,856,True
2025-04-11 19:20:00,1.13305,1.13377,1.13282,1.13369,907,True
2025-04-11 19:25:00,1.13371,1.13381,1.13315,1.13358,969,True
2025-04-11 19:30:00,1.13358,1.13378,1.13294,1.13375,724,True
2025-04-11 19:35:00,1.13374,1.13425,1.13349,1.13349,714,True
2025-04-11 19:40:00,1.1335,1.13398,1.13349,1.13385,603,True
2025-04-11 19:45:00,1.13387,1.13387,1.13341,1.13378,753,True
2025-04-11 19:50:00,1.13379,1.13405,1.13332,1.13402,901,True
2025-04-11 19:55:00,1.13399,1.1345,1.13395,1.13429,1210,True
2025-04-11 20:00:00,1.13429,1.13445,1.13372,1.13445,722,True
2025-04-11 20:05:00,1.13437,1.13473,1.13437,1.13465,276,True
2025-04-11 20:10:00,1.13465,1.13498,1.13464,1.13494,422,True
2025-04-11 20:15:00,1.13493,1.13503,1.13478,1.1348,239,True
2025-04-11 20:20:00,1.1348,1.13516,1.13473,1.13515,454,True
2025-04-11 20:25:00,1.13515,1.13515,1.13492,1.13502,452,True
2025-04-11 20:30:00,1.13503,1.13541,1.13495,1.13512,419,True
2025-04-11 20:35:00,1.13512,1.13512,1.13434,1.13485,435,True
2025-04-11 20:40:00,1.13485,1.13516,1.13459,1.13498,709,True
2025-04-11 20:45:00,1.13496,1.13546,1.13478,1.13525,794,True
2025-04-11 20:50:00,1.13519,1.13541,1.13497,1.13523,720,True
2025-04-11 20:55:00,1.13521,1.13653,1.13517,1.13615,1222,True
